State,Population,Percent_Toilet,Percent_Flush,Percent_Pit,Crime,Y2001,Y2002,Y2003,Y2004,Y2005,Y2006,Y2007,Y2008,Y2009,Y2010,Y2011,Y2012
Andhra Pradesh,84.665533,29.8,7.5,22.3,RAPE,13.58285904,15.82698357,14.61043185,17.0435353,16.71282221,16.06320721,16.96085702,18.08291929,17.56322729,20.7994911,20.76405755,19.65380647
Arunachal Pradesh,1.382611,0,0,0,RAPE,36.88673097,44.11942332,25.31442322,40.50307715,27.48423092,28.93076939,41.22634638,26.76096169,43.39615409,35.44019251,33.99365404,33.99365404
Assam,31.169272,43.9,16.2,27.7,RAPE,29.77291225,32.69245429,38.11446093,39.55819052,45.10852868,41.38691465,47.38641313,46.35976099,52.74425402,52.26301083,47.16183297,52.16676219
Bihar,103.804637,15.7,3.2,12.5,RAPE,13.48687342,12.56205925,10.78949874,11.14593754,14.01671488,13.97818096,17.49440153,14.10341621,10.46196038,8.593065067,11.415675,12.78362931
Chhattisgarh,25.540196,49.9,4.5,45.4,RAPE,44.40059896,47.53291635,39.93704669,44.79213864,43.34344184,47.41545445,44.87044657,43.38259581,44.16567516,46.90645287,49.21653694,47.53291635
Goa,1.457723,40,20,20,RAPE,9.604019419,8.232016645,24.69604994,32.92806658,23.32404716,13.72002774,17.15003468,28.12605687,38.41607768,34.30006935,23.32404716,41.84608461
Gujarat,60.383628,46.2,16.3,29.9,RAPE,6.64087292,6.259974972,5.895637804,7.965735348,8.296950955,8.926260608,8.330072516,8.760652805,10.10207601,10.21800148,10.2842446,10.71482489
Haryana,25.353081,42.5,40.8,1.7,RAPE,21.25974354,20.15534128,20.62865653,22.60080343,24.73072208,30.44994808,23.94186332,33.4870543,33.44761136,34.15758424,31.59379328,37.07636165
Himachal Pradesh,6.856509,97.4,22.6,74.8,RAPE,22.16871589,29.75275027,21.293635,27.27335441,25.66903945,19.10593277,28.73182256,26.54412034,36.46170376,28.73182256,27.27335441,37.7743251
Jammu and Kashmir,12.548926,65.3,5.7,59.7,RAPE,17.69075696,16.17668317,21.19703312,21.59547359,19.76264742,23.98611642,26.37675925,18.6470141,24.14549261,21.19703312,27.81114495,30.91898064
Jharkhand,32.966238,31.2,0,31.2,RAPE,19.32279928,26.48163858,23.02355519,23.02355519,22.20453544,28.60502311,26.87598142,24.32791998,23.20555958,25.35927818,22.99322113,23.66057055
Karnataka,61.130704,34.9,9.8,25.1,RAPE,5.905379398,5.839945831,6.706940591,6.494281499,6.232547232,7.77023605,8.473646893,10.50208746,9.733243052,12.61231999,13.69197384,13.7737658
Kerala,33.387677,77.1,15.3,61.8,RAPE,21.32523326,17.97070218,15.48475505,16.83255771,15.15529218,19.94747942,16.62289952,18.6595791,20.78611219,19.73782123,36.7201348,37.70852342
Madhya Pradesh,72.597565,43.9,4.2,39.7,RAPE,44.24390818,54.07894879,50.88324932,57.59146329,53.72081006,53.41776959,56.90273496,53.37644589,58.44548643,60.42902403,63.26658477,66.42096054
Maharashtra,112.372972,58.4,22.4,36,RAPE,16.78339521,16.64991115,16.5164271,17.03256545,19.81793273,19.23950183,18.66107092,19.63105505,18.46529431,19.39968269,22.54100746,23.05714581
Manipur,2.721756,64,40,24,RAPE,6.245967677,6.61337754,6.980787403,10.65488604,4.40891836,7.348197267,4.40891836,6.980787403,8.083016993,8.083016993,8.81783672,16.90085371
Meghalaya,2.964007,46.5,27.1,19.4,RAPE,9.784052467,15.18215038,16.86905598,19.23072381,21.92977277,23.95405949,25.64096509,27.6652518,37.11192315,45.54645114,43.1847833,61.40336376
Mizoram,1.091014,60,20,40,RAPE,58.66102543,76.07601736,64.16049657,13.74867784,32.99682681,70.57654622,79.74233145,86.1583811,74.24286031,102.6567945,67.82681066,111.8225797
Nagaland,1.980602,36.2,13.8,22.4,RAPE,14.13711589,10.09793992,7.068557943,10.09793992,9.593042923,14.64201288,7.573454939,13.63221889,13.63221889,8.583248931,13.63221889,13.1273219
Odisha,41.947358,19.6,2.1,17.5,RAPE,21.14555105,19.548311,20.00125967,21.59849972,19.97742027,24.31619174,24.45922816,24.91217683,26.6762927,32.49310719,29.17943008,39.7164465
Punjab,27.704236,40.9,23.3,17.7,RAPE,16.56786348,19.41941297,20.71885325,20.32180205,19.96084642,22.30705803,25.59175427,23.93135837,24.5810785,27.64920137,21.58514676,32.30552902
Rajasthan,68.621012,28.6,5.8,22.9,RAPE,16.71499686,13.65470973,13.52355456,14.49993189,16.17580341,15.81148351,17.50192784,17.64765579,20.22704066,19.57126485,23.92853081,26.33304213
Sikkim,0.607688,100,100,0,RAPE,9.873487711,3.29116257,11.519069,4.936743855,13.16465028,27.97488185,49.36743855,39.49395084,31.26604442,34.55720699,41.13953213,47.72185727
Tamil Nadu,72.138958,79,60,19,RAPE,7.832106474,9.63418407,9.162871468,9.440114175,10.3134287,7.943003557,8.525213242,10.25798016,10.75701703,10.77087917,11.60260729,13.33537421
Tripura,3.671032,40,40,0,RAPE,37.86401208,38.40881801,36.77440022,51.75656328,42.76726544,45.49129509,44.94648916,57.20462257,91.52739611,87.16894868,70.27996487,55.02539885
Uttar Pradesh,199.581477,16.9,3.6,13.3,RAPE,13.45315227,10.27149428,6.067697354,9.730361901,8.432646282,8.868558479,11.43893729,14.15462017,14.62059528,12.92705134,17.89244199,18.00267266
Uttarakhand,10.116752,55.6,46.7,8.9,RAPE,8.105368205,14.03612543,15.22227687,22.33918554,22.24033959,23.03110722,16.90265809,10.675363,13.64074161,16.90265809,14.7280471,18.18765548
West Bengal,91.347736,28.5,1.8,26.7,RAPE,11.24275264,14.0014417,16.38792668,18.18326401,22.82486782,22.38698067,26.37175376,19.59545007,19.13566856,26.21849325,20.47122438,21.48931201
Total(states),0,46.14285714,20.45357143,25.7,RAPE,0,0,0,0,0,0,0,0,0,0,0,0
Andaman and Nicobar Islands,0.379944,69.2,0,69.3,RAPE,7.895900448,15.7918009,15.7918009,28.95163498,21.05573453,18.42376771,7.895900448,34.21556861,94.75080538,102.6467058,73.69507085,44.74343587
Chandigarh,1.054686,100,100,0,RAPE,30.34078389,26.54818591,30.34078389,25.60003641,40.77042835,25.60003641,22.75558792,25.60003641,36.02968087,41.71857785,25.60003641,32.23708289
Dadra and Nagar Haveli,0.342853,100,40,60,RAPE,29.1670191,8.75010573,2.91670191,35.00042292,17.50021146,14.58350955,14.58350955,23.33361528,14.58350955,8.75010573,11.66680764,14.58350955
Daman and Diu,0.242911,60,60,0,RAPE,0,0,24.70040467,8.233468225,4.116734112,8.233468225,16.46693645,0,4.116734112,4.116734112,0,41.16734112
Delhi,16.753235,70.8,70.8,0,RAPE,27.09924382,32.59072054,37.24653776,43.99150373,51.09460949,46.43879227,43.63336394,34.20234958,33.24731015,35.93335854,42.2008048,53.24344821
Lakshadweep,0.064429,0,0,0,RAPE,0,31.04192212,31.04192212,0,0,0,15.52096106,15.52096106,0,0,0,0
Puducherry,1.244464,20,0,20,RAPE,10.44626442,6.42847041,0.803558801,4.821352807,8.035588012,7.232029211,11.24982322,6.42847041,0.803558801,4.017794006,23.30320524,12.05338202
Total UT,0,70,45.13333333,24.88333333,RAPE,0,0,0,0,0,0,0,0,0,0,0,0
India,1210.193422,38.5,12.4,26.1,RAPE,16.89481998,17.54760819,16.52132596,18.58297987,19.18040503,19.65966726,20.95780686,20.68760212,21.3560903,22.37163044,23.86230124,25.71241872
Andhra Pradesh,84.665533,29.8,7.5,22.3,KIDNAPPING AND ABDUCTION,11.39779041,11.36235686,10.37021759,13.05135586,14.52775358,15.66162703,19.77191828,18.96875792,22.31132237,20.33885501,20.05538665,20.83492464
Arunachal Pradesh,1.382611,0,0,0,KIDNAPPING AND ABDUCTION,43.39615409,41.22634638,36.16346174,24.59115398,20.25153857,36.88673097,36.88673097,41.22634638,27.48423092,34.71692327,48.45903873,35.44019251
Assam,31.169272,43.9,16.2,27.7,KIDNAPPING AND ABDUCTION,50.78719837,63.10702412,60.76497391,66.82863815,72.18647904,59.28916145,55.21463575,63.04285836,76.74224794,86.20669742,91.05121223,86.27086318
Bihar,103.804637,15.7,3.2,12.5,KIDNAPPING AND ABDUCTION,9.517879245,11.11703709,8.448562852,15.47137051,14.62362418,18.89125627,20.08580792,22.94695178,23.091454,24.11260299,34.34335983,44.68971844
Chhattisgarh,25.540196,49.9,4.5,45.4,KIDNAPPING AND ABDUCTION,8.731334716,6.969406186,5.285785591,8.809642651,8.731334716,6.930252219,7.674177598,8.96625852,10.45410928,13.7821965,14.56527585,17.2668996
Goa,1.457723,40,20,20,KIDNAPPING AND ABDUCTION,5.488011097,6.174012484,8.232016645,9.604019419,12.34802497,8.232016645,5.488011097,19.20803884,12.34802497,10.29002081,10.97602219,8.232016645
Gujarat,60.383628,46.2,16.3,29.9,KIDNAPPING AND ABDUCTION,17.60410951,16.67670581,15.64993743,19.39267379,18.99521506,18.91241116,22.45641815,21.86023006,24.74180584,27.34184836,31.2667533,32.1113531
Haryana,25.353081,42.5,40.8,1.7,KIDNAPPING AND ABDUCTION,11.7539955,12.93728364,13.96280002,12.42452545,10.80736499,15.57996048,19.32703958,23.42910513,20.9047571,21.41751529,21.61472998,26.03233903
Himachal Pradesh,6.856509,97.4,22.6,74.8,KIDNAPPING AND ABDUCTION,10.79266431,14.00129424,11.08435794,10.6468175,16.77238373,11.23020476,15.4597624,21.00194137,14.87637513,14.73052832,19.54347322,19.10593277
Jammu and Kashmir,12.548926,65.3,5.7,59.7,KIDNAPPING AND ABDUCTION,50.44256377,44.86439716,55.46291372,53.55039945,59.04887797,68.69113739,76.42088255,41.67687338,55.46291372,40.56124006,71.24115641,70.44427547
Jharkhand,32.966238,31.2,0,31.2,KIDNAPPING AND ABDUCTION,9.646232609,4.610777851,10.19224578,10.19224578,6.279151415,11.4662765,16.65340158,18.32177514,12.04262373,21.53718601,27.33099239,30.33406481
Karnataka,61.130704,34.9,9.8,25.1,KIDNAPPING AND ABDUCTION,5.005667856,5.496419606,3.958730788,4.547632888,4.416765755,5.839945831,6.101680098,7.966536751,8.277346193,12.28515216,11.49994935,16.93093539
Kerala,33.387677,77.1,15.3,61.8,KIDNAPPING AND ABDUCTION,3.414433415,2.755507668,3.114921712,4.043407992,5.361259485,6.559306297,5.81052704,5.361259485,6.050136402,6.619208638,6.888769171,7.577646088
Madhya Pradesh,72.597565,43.9,4.2,39.7,KIDNAPPING AND ABDUCTION,12.63127765,15.51016208,12.64505221,13.58172275,14.42197132,11.97009845,12.47975741,13.95363605,14.60104068,17.94826039,20.28993672,22.70048589
Maharashtra,112.372972,58.4,22.4,36,KIDNAPPING AND ABDUCTION,9.094713629,8.694261464,8.34720292,10.01130414,11.90677773,11.78219261,11.444033,13.23271934,12.35172458,13.08143741,17.38852293,15.7956132
Manipur,2.721756,64,40,24,KIDNAPPING AND ABDUCTION,21.30977207,22.77941153,24.61646084,28.29055948,24.98387071,18.0030833,21.67718194,24.98387071,34.90393702,30.49501866,34.53652715,37.1083962
Meghalaya,2.964007,46.5,27.1,19.4,KIDNAPPING AND ABDUCTION,3.036430076,7.08500351,1.349524478,5.398097913,5.398097913,9.109290228,4.048573435,4.723335674,5.735479032,13.8326259,6.072860152,2.024286717
Mizoram,1.091014,60,20,40,KIDNAPPING AND ABDUCTION,4.582892612,2.749735567,2.749735567,0,0,0.916578522,0,0.916578522,0,0,0,2.749735567
Nagaland,1.980602,36.2,13.8,22.4,KIDNAPPING AND ABDUCTION,4.544072964,2.019587984,3.029381976,1.009793992,3.029381976,2.52448498,6.058763952,2.52448498,4.039175968,6.563660948,1.514690988,3.534278972
Odisha,41.947358,19.6,2.1,17.5,KIDNAPPING AND ABDUCTION,13.23086903,12.73024156,12.65872335,11.37139555,12.63488394,13.30238724,16.2346339,15.09034252,19.40527458,25.50816192,26.39021986,32.11167674
Punjab,27.704236,40.9,23.3,17.7,KIDNAPPING AND ABDUCTION,13.3192628,12.56125598,9.132177476,9.601419797,13.0304983,17.00101024,21.36857338,20.68275768,20.43008874,23.31773379,21.26028669,26.38585666
Rajasthan,68.621012,28.6,5.8,22.9,KIDNAPPING AND ABDUCTION,18.37629559,16.07379384,13.42154499,18.14313085,13.49440897,14.73309662,13.72757371,13.72757371,16.5838417,18.6677515,21.29085476,22.80642553
Sikkim,0.607688,100,100,0,KIDNAPPING AND ABDUCTION,0,3.29116257,0,6.582325141,4.936743855,0,4.936743855,13.16465028,11.519069,21.39255671,9.873487711,13.16465028
Tamil Nadu,72.138958,79,60,19,KIDNAPPING AND ABDUCTION,11.20060536,11.74122864,11.86598786,13.65420332,12.62840531,14.58296639,15.34538384,19.47630017,18.18712158,21.23679136,24.64687666,21.58334474
Tripura,3.671032,40,40,0,KIDNAPPING AND ABDUCTION,11.71332748,16.34417788,18.52340159,22.60944606,18.79580456,16.61658084,22.06464013,30.50913204,34.05037058,28.87471425,30.781535,32.68835575
Uttar Pradesh,199.581477,16.9,3.6,13.3,KIDNAPPING AND ABDUCTION,21.52003314,19.18514713,11.89489143,18.58388892,18.00267266,21.39477102,28.47458635,41.48681593,52.54495636,59.63980315,96.69735033,103.0406244
Uttarakhand,10.116752,55.6,46.7,8.9,KIDNAPPING AND ABDUCTION,15.12343092,24.11841271,21.44957196,19.96688265,22.04264768,31.03762947,35.8810812,20.06572861,18.87957716,28.96186444,29.15955635,23.9207208
West Bengal,91.347736,28.5,1.8,26.7,KIDNAPPING AND ABDUCTION,14.570695,19.49692546,17.19801791,17.73442967,17.13233484,18.17231683,19.06998549,20.32891105,21.43457611,24.67494104,30.08284737,36.69494338
Total(states),0,46.14285714,20.45357143,25.7,KIDNAPPING AND ABDUCTION,0,0,0,0,0,0,0,0,0,0,0,0
Andaman and Nicobar Islands,0.379944,69.2,0,69.3,KIDNAPPING AND ABDUCTION,10.52786726,2.631966816,2.631966816,5.263933632,0,26.31966816,15.7918009,26.31966816,13.15983408,28.95163498,36.84753543,18.42376771
Chandigarh,1.054686,100,100,0,KIDNAPPING AND ABDUCTION,40.77042835,35.08153138,20.85928893,57.83711929,36.97783037,47.40747483,42.66672735,39.82227886,27.4963354,21.80743842,31.28893339,45.51117584
Dadra and Nagar Haveli,0.342853,100,40,60,KIDNAPPING AND ABDUCTION,8.75010573,17.50021146,17.50021146,17.50021146,17.50021146,20.41691337,20.41691337,46.66723056,35.00042292,20.41691337,8.75010573,32.08372101
Daman and Diu,0.242911,60,60,0,KIDNAPPING AND ABDUCTION,8.233468225,0,4.116734112,0,16.46693645,4.116734112,12.35020234,0,0,0,32.9338729,0
Delhi,16.753235,70.8,70.8,0,KIDNAPPING AND ABDUCTION,17.78760938,19.39923842,16.35505023,19.7573782,25.01009507,23.99536567,21.01086745,24.59226531,22.38373663,21.84652695,30.02405207,28.53180296
Lakshadweep,0.064429,0,0,0,KIDNAPPING AND ABDUCTION,0,0,0,0,0,0,0,15.52096106,0,0,0,0
Puducherry,1.244464,20,0,20,KIDNAPPING AND ABDUCTION,0.803558801,8.035588012,10.44626442,4.821352807,1.607117602,16.07117602,11.24982322,6.42847041,8.839146813,17.67829363,8.035588012,12.85694082
Total UT,0,70,45.13333333,24.88333333,KIDNAPPING AND ABDUCTION,0,0,0,0,0,0,0,0,0,0,0,0
India,1210.193422,38.5,12.4,26.1,KIDNAPPING AND ABDUCTION,14.72409259,15.0562709,12.92603291,15.9065482,15.96934808,17.32532967,19.54894116,22.48235654,25.22406703,28.30126109,37.4840907,40.5579795
Andhra Pradesh,84.665533,29.8,7.5,22.3,DOWRY DEATHS,12.44898559,12.49623031,16.07501839,13.01592231,15.11831267,15.04744558,18.44906593,18.72072311,14.40964176,15.6143823,16.53565448,14.9647673
Arunachal Pradesh,1.382611,0,0,0,DOWRY DEATHS,0,0,0,0,0,0,0,0,0,0,0,1.44653847
Assam,31.169272,43.9,16.2,27.7,DOWRY DEATHS,3.04787356,4.074525706,3.625365392,5.165343611,5.582421046,6.448658794,5.518255287,5.101177852,9.528615234,8.437797328,4.684100418,6.897819109
Bihar,103.804637,15.7,3.2,12.5,DOWRY DEATHS,27.92746147,24.44977482,23.96810077,22.32077552,22.3785764,25.75992824,31.45331552,25.09521805,28.0141628,24.16077039,37.57057597,38.47612318
Chhattisgarh,25.540196,49.9,4.5,45.4,DOWRY DEATHS,6.382096676,8.496410912,8.770488684,8.613872814,11.58957433,10.68903308,9.671029933,9.945107704,13.82135047,10.84564895,11.23718863,8.261487108
Goa,1.457723,40,20,20,DOWRY DEATHS,2.744005548,1.372002774,1.372002774,5.488011097,1.372002774,0,5.488011097,1.372002774,2.058004161,3.430006935,1.372002774,0
Gujarat,60.383628,46.2,16.3,29.9,DOWRY DEATHS,3.941465723,2.881575781,2.434434711,2.020415203,2.252266128,2.484117052,2.003854422,1.308301648,0.877721359,0.46370185,1.026768382,0.629309653
Haryana,25.353081,42.5,40.8,1.7,DOWRY DEATHS,28.95111643,25.04626558,20.82587122,22.20637405,18.97205314,21.02308591,22.56136049,24.53350739,24.9673797,23.23189044,18.02542263,18.97205314
Himachal Pradesh,6.856509,97.4,22.6,74.8,DOWRY DEATHS,2.187702226,1.896008596,2.187702226,3.646170376,0.87508089,1.750161781,4.521251266,1.16677452,0.437540445,0.58338726,1.16677452,0.58338726
Jammu and Kashmir,12.548926,65.3,5.7,59.7,DOWRY DEATHS,3.187523777,2.151578549,1.593761888,1.912514266,2.071890455,0.956257133,1.673449983,1.992202361,3.665652343,2.071890455,0.956257133,1.832826172
Jharkhand,32.966238,31.2,0,31.2,DOWRY DEATHS,16.8960741,19.17112896,17.53308946,17.53308946,15.2580346,16.8960741,16.95674223,17.29041694,17.04774442,17.19941475,16.25905874,13.46832478
Karnataka,61.130704,34.9,9.8,25.1,DOWRY DEATHS,6.903241291,9.340641652,7.966536751,9.046190602,9.455150394,9.602375919,9.520583961,11.4181574,10.89468886,10.15856124,10.50208746,8.817173118
Kerala,33.387677,77.1,15.3,61.8,DOWRY DEATHS,1.647314367,1.317851494,1.767119048,1.587412026,0.92848628,1.168095642,1.198046812,1.048290961,0.95843745,1.01833979,0.748779258,1.138144472
Madhya Pradesh,72.597565,43.9,4.2,39.7,DOWRY DEATHS,20.70317372,25.09726049,24.95951483,31.089197,27.43893683,30.3453704,29.29850333,31.7090525,34.07827797,35.31798897,29.53267096,29.50512183
Maharashtra,112.372972,58.4,22.4,36,DOWRY DEATHS,8.979027448,10.87450103,12.9835491,10.99018721,12.27163414,11.9957671,12.00466603,13.02804379,10.97238934,12.79667143,11.22155958,10.15368713
Manipur,2.721756,64,40,24,DOWRY DEATHS,0,0,0,0,0,0,0,0.367409863,0,0,1.837049317,0
Meghalaya,2.964007,46.5,27.1,19.4,DOWRY DEATHS,0,0,0,1.012143359,0.33738112,0,1.349524478,0.674762239,0,0,1.012143359,1.349524478
Mizoram,1.091014,60,20,40,DOWRY DEATHS,0,0,0,0,0,0,0,0,0,0,0,0
Nagaland,1.980602,36.2,13.8,22.4,DOWRY DEATHS,0,0,0,0,0,0,0,0,0,0,0,0
Odisha,41.947358,19.6,2.1,17.5,DOWRY DEATHS,14.37516041,14.35132101,16.35383091,22.21832421,16.87829779,23.10038215,22.83814871,17.47428289,20.43036894,23.55333082,20.45420834,21.52698151
Punjab,27.704236,40.9,23.3,17.7,DOWRY DEATHS,16.24300342,17.86730376,10.39552219,12.45296929,8.879508534,11.9476314,11.40619795,10.32333106,11.6588669,10.39552219,13.13878499,9.890184303
Rajasthan,68.621012,28.6,5.8,22.9,DOWRY DEATHS,10.52155862,8.481367194,8.481367194,9.909501189,8.160765685,9.690909251,9.953219577,9.370307742,8.058756114,8.976842254,9.807491618,9.195434191
Sikkim,0.607688,100,100,0,DOWRY DEATHS,0,0,0,0,0,0,0,0,0,3.29116257,0,14.81023157
Tamil Nadu,72.138958,79,60,19,DOWRY DEATHS,31.41159871,7.929141422,6.709273511,7.125137571,6.820170594,6.334995856,6.972654082,6.764722052,5.960718202,4.338848365,4.657677479,3.853673628
Tripura,3.671032,40,40,0,DOWRY DEATHS,25.60587867,3.54123854,11.16852155,7.627283009,11.71332748,6.810074115,11.44092451,8.444491903,16.34417788,16.88898381,15.52696898,23.69905792
Uttar Pradesh,199.581477,16.9,3.6,13.3,DOWRY DEATHS,31.59110803,28.4244815,18.99975918,24.23070554,22.66242373,26.45536089,36.62664547,42.79455252,46.1114936,46.3469864,49.07770073,49.5236339
Uttarakhand,10.116752,55.6,46.7,8.9,DOWRY DEATHS,15.91419855,18.48419335,23.12995317,26.39186964,15.8153526,22.43803149,24.11841271,16.60612023,21.54841791,16.60612023,23.03110722,14.5303552
West Bengal,91.347736,28.5,1.8,26.7,DOWRY DEATHS,7.936704638,8.582588188,10.00572143,10.68444652,10.46550294,11.58211518,11.69158697,11.84484747,10.96907317,12.30462898,12.23894591,14.7239555
Total(states),0,46.14285714,20.45357143,25.7,DOWRY DEATHS,0,0,0,0,0,0,0,0,0,0,0,0
Andaman and Nicobar Islands,0.379944,69.2,0,69.3,DOWRY DEATHS,0,0,0,0,0,0,5.263933632,7.895900448,0,0,0,7.895900448
Chandigarh,1.054686,100,100,0,DOWRY DEATHS,6.637046476,0,3.792597987,12.32594346,5.68889698,28.4444849,2.84444849,6.637046476,2.84444849,9.481494966,2.84444849,13.27409295
Dadra and Nagar Haveli,0.342853,100,40,60,DOWRY DEATHS,0,0,0,0,0,2.91670191,0,0,0,0,0,0
Daman and Diu,0.242911,60,60,0,DOWRY DEATHS,0,0,0,0,0,4.116734112,12.35020234,0,0,0,0,0
Delhi,16.753235,70.8,70.8,0,DOWRY DEATHS,15.28063088,20.5930377,18.98140867,17.78760938,15.93722048,19.10078859,18.68295884,13.7286918,14.44497137,12.47520255,14.68373123,17.90698931
Lakshadweep,0.064429,0,0,0,DOWRY DEATHS,0,0,0,0,0,0,0,0,0,0,0,0
Puducherry,1.244464,20,0,20,DOWRY DEATHS,3.214235205,8.839146813,0,7.232029211,3.214235205,5.624911609,6.42847041,0.803558801,0,3.214235205,4.017794006,0
Total UT,0,70,45.13333333,24.88333333,DOWRY DEATHS,0,0,0,0,0,0,0,0,0,0,0,0
India,1210.193422,38.5,12.4,26.1,DOWRY DEATHS,16.84110955,15.15956017,13.7465629,14.97198685,14.19029362,15.89332717,18.27228573,18.69453229,19.31426793,19.2365944,20.30915022,20.17693995
Andhra Pradesh,84.665533,29.8,7.5,22.3,ASSAULT ON WOMEN WITH INTENT TO OUTRAGE HER MODESTY,42.98089046,47.89434208,54.05977897,50.30382316,47.28016063,52.33534643,57.79211241,58.13463668,64.26464002,54.59128215,53.78812179,57.09525268
Arunachal Pradesh,1.382611,0,0,0,ASSAULT ON WOMEN WITH INTENT TO OUTRAGE HER MODESTY,68.71057731,57.86153878,47.7357695,49.18230797,36.88673097,28.93076939,52.07538491,52.79865414,50.62884644,63.64769266,49.9055772,55.69173108
Assam,31.169272,43.9,16.2,27.7,ASSAULT ON WOMEN WITH INTENT TO OUTRAGE HER MODESTY,37.24822319,44.01771078,53.25758009,42.4135668,41.32274889,55.05422135,47.03350146,41.9323236,51.78176763,64.80741674,57.55668596,72.18647904
Bihar,103.804637,15.7,3.2,12.5,ASSAULT ON WOMEN WITH INTENT TO OUTRAGE HER MODESTY,9.460078359,9.604580574,9.296309181,10.19222292,6.887938927,6.936106332,13.10153418,11.22300538,7.658617408,7.783852662,9.980286333,2.678107723
Chhattisgarh,25.540196,49.9,4.5,45.4,ASSAULT ON WOMEN WITH INTENT TO OUTRAGE HER MODESTY,82.45825521,67.65805556,68.71521268,77.21162359,67.89297936,73.6094586,71.6909142,75.72377283,71.14275865,77.09416169,76.27192838,74.04015224
Goa,1.457723,40,20,20,ASSAULT ON WOMEN WITH INTENT TO OUTRAGE HER MODESTY,10.29002081,16.46403329,10.29002081,16.46403329,28.81205826,17.15003468,16.46403329,19.20803884,24.01004855,25.38205132,19.20803884,28.81205826
Gujarat,60.383628,46.2,16.3,29.9,ASSAULT ON WOMEN WITH INTENT TO OUTRAGE HER MODESTY,17.1072861,16.80919205,16.06395694,18.74680336,17.62067029,15.84866679,20.32007749,21.37996743,16.97479986,16.32892942,17.40538015,18.51495243
Haryana,25.353081,42.5,40.8,1.7,ASSAULT ON WOMEN WITH INTENT TO OUTRAGE HER MODESTY,22.3641458,23.78409157,18.73539551,19.36648252,19.95812659,25.75623846,22.56136049,21.02308591,21.81194467,23.86297744,21.06252885,27.53117067
Himachal Pradesh,6.856509,97.4,22.6,74.8,ASSAULT ON WOMEN WITH INTENT TO OUTRAGE HER MODESTY,62.85997729,61.10981551,48.85868304,50.60884482,52.06731297,57.02610468,58.92211328,52.21315979,50.31715119,60.96396869,54.40086201,46.23344037
Jammu and Kashmir,12.548926,65.3,5.7,59.7,ASSAULT ON WOMEN WITH INTENT TO OUTRAGE HER MODESTY,82.39748963,109.730506,156.6667936,147.9807913,124.5524916,160.5715103,183.7607457,139.2947891,162.882465,163.5996579,219.8594525,224.2422977
Jharkhand,32.966238,31.2,0,31.2,ASSAULT ON WOMEN WITH INTENT TO OUTRAGE HER MODESTY,11.64828089,13.13465006,12.89197754,12.89197754,9.069885378,13.49865884,12.19429405,9.160887572,9.919239193,8.281199693,10.31358204,10.76859301
Karnataka,61.130704,34.9,9.8,25.1,ASSAULT ON WOMEN WITH INTENT TO OUTRAGE HER MODESTY,39.27649844,38.70395473,37.06811556,31.48990399,33.79643722,39.99626767,40.17620998,47.88101246,51.67615933,55.79847404,55.30772229,65.13911569
Kerala,33.387677,77.1,15.3,61.8,ASSAULT ON WOMEN WITH INTENT TO OUTRAGE HER MODESTY,69.3968616,76.91460535,69.72632448,84.61205612,85.12122601,88.38590358,88.62551294,103.3914399,96.98188946,107.3749456,127.502132,124.8065267
Madhya Pradesh,72.597565,43.9,4.2,39.7,ASSAULT ON WOMEN WITH INTENT TO OUTRAGE HER MODESTY,112.8963485,120.6652041,114.6870422,110.4995739,106.9181866,99.65898994,110.9265855,105.8713195,104.2321461,108.3094178,108.874175,111.3673716
Maharashtra,112.372972,58.4,22.4,36,ASSAULT ON WOMEN WITH INTENT TO OUTRAGE HER MODESTY,30.1229018,29.01053467,28.00495479,29.85593368,34.39439156,37.78488657,34.38549263,38.56799302,35.04401396,39.03073775,41.86059972,43.47130732
Manipur,2.721756,64,40,24,ASSAULT ON WOMEN WITH INTENT TO OUTRAGE HER MODESTY,4.40891836,15.0638044,19.84013262,9.552656447,9.92006631,10.65488604,17.26826358,17.26826358,14.69639453,8.450426857,8.81783672,12.49193535
Meghalaya,2.964007,46.5,27.1,19.4,ASSAULT ON WOMEN WITH INTENT TO OUTRAGE HER MODESTY,4.385954554,4.723335674,8.434527989,5.735479032,7.08500351,16.86905598,8.097146869,6.072860152,14.17000702,9.784052467,19.56810493,15.18215038
Mizoram,1.091014,60,20,40,ASSAULT ON WOMEN WITH INTENT TO OUTRAGE HER MODESTY,53.1615543,50.41181873,87.99153815,54.99471134,39.41287646,54.99471134,58.66102543,69.6599677,71.49312474,72.40970327,57.74444691,75.15943883
Nagaland,1.980602,36.2,13.8,22.4,ASSAULT ON WOMEN WITH INTENT TO OUTRAGE HER MODESTY,0,0.504896996,1.514690988,1.009793992,3.534278972,2.019587984,5.04896996,11.10773391,6.563660948,7.573454939,6.058763952,8.078351935
Odisha,41.947358,19.6,2.1,17.5,ASSAULT ON WOMEN WITH INTENT TO OUTRAGE HER MODESTY,54.30616155,55.21205889,58.16814494,58.83564824,79.09914136,84.98747406,88.5157058,89.75535479,85.55961975,98.12298548,108.254732,144.4667862
Punjab,27.704236,40.9,23.3,17.7,ASSAULT ON WOMEN WITH INTENT TO OUTRAGE HER MODESTY,16.67615017,15.34061434,15.84595222,12.16420478,13.0304983,15.23232765,17.03710581,18.48092833,12.81392492,16.38738567,14.51041639,14.90746758
Rajasthan,68.621012,28.6,5.8,22.9,ASSAULT ON WOMEN WITH INTENT TO OUTRAGE HER MODESTY,47.82791603,43.23748533,41.03699316,45.90430698,42.04251607,43.3540677,40.11890702,42.15909844,39.22996647,37.86012366,39.92946067,38.73449141
Sikkim,0.607688,100,100,0,ASSAULT ON WOMEN WITH INTENT TO OUTRAGE HER MODESTY,0,27.97488185,34.55720699,95.44371454,46.07627598,26.32930056,18.10139414,29.62046313,59.24092626,37.84836956,27.97488185,27.97488185
Tamil Nadu,72.138958,79,60,19,ASSAULT ON WOMEN WITH INTENT TO OUTRAGE HER MODESTY,31.64725501,39.46549935,36.24948395,38.35652852,34.86327041,23.10817963,26.96185326,30.77394048,26.55985134,26.9757154,28.99958716,28.98572502
Tripura,3.671032,40,40,0,ASSAULT ON WOMEN WITH INTENT TO OUTRAGE HER MODESTY,16.88898381,25.87828164,42.76726544,51.48416031,42.49486248,44.12928027,53.66338403,95.06863465,118.2228866,124.2157519,123.9433489,102.1511117
Uttar Pradesh,199.581477,16.9,3.6,13.3,ASSAULT ON WOMEN WITH INTENT TO OUTRAGE HER MODESTY,19.84152066,14.75086789,7.605916254,12.98717716,13.02726104,13.95420077,17.46154028,20.58808293,20.17221267,20.98892173,26.3150673,25.76892444
Uttarakhand,10.116752,55.6,46.7,8.9,ASSAULT ON WOMEN WITH INTENT TO OUTRAGE HER MODESTY,14.82689306,23.12995317,19.37380693,21.94380173,14.7280471,20.16457456,30.24686184,15.8153526,17.59457976,18.18765548,15.12343092,19.67034479
West Bengal,91.347736,28.5,1.8,26.7,ASSAULT ON WOMEN WITH INTENT TO OUTRAGE HER MODESTY,12.73156896,15.07426522,22.12424838,18.76346448,22.18993145,21.93814634,18.74157012,17.34033124,17.95337325,20.15375619,24.55452207,31.5169278
Total(states),0,46.14285714,20.45357143,25.7,ASSAULT ON WOMEN WITH INTENT TO OUTRAGE HER MODESTY,0,0,0,0,0,0,0,0,0,0,0,0
Andaman and Nicobar Islands,0.379944,69.2,0,69.3,ASSAULT ON WOMEN WITH INTENT TO OUTRAGE HER MODESTY,50.00736951,44.74343587,31.58360179,34.21556861,36.84753543,50.00736951,84.22293812,84.22293812,105.2786726,105.2786726,39.47950224,52.63933632
Chandigarh,1.054686,100,100,0,ASSAULT ON WOMEN WITH INTENT TO OUTRAGE HER MODESTY,31.28893339,36.97783037,18.01484044,22.75558792,34.13338188,26.54818591,36.97783037,20.85928893,36.97783037,26.54818591,22.75558792,51.20007282
Dadra and Nagar Haveli,0.342853,100,40,60,ASSAULT ON WOMEN WITH INTENT TO OUTRAGE HER MODESTY,20.41691337,5.83340382,20.41691337,23.33361528,29.1670191,14.58350955,0,20.41691337,5.83340382,35.00042292,5.83340382,5.83340382
Daman and Diu,0.242911,60,60,0,ASSAULT ON WOMEN WITH INTENT TO OUTRAGE HER MODESTY,0,0,12.35020234,0,4.116734112,20.58367056,0,4.116734112,20.58367056,8.233468225,0,0
Delhi,16.753235,70.8,70.8,0,ASSAULT ON WOMEN WITH INTENT TO OUTRAGE HER MODESTY,38.79847683,37.8434374,38.61940694,45.12561305,57.7798855,52.94499838,68.22562926,51.03491952,42.37987469,47.3938317,51.63181917,56.04887653
Lakshadweep,0.064429,0,0,0,ASSAULT ON WOMEN WITH INTENT TO OUTRAGE HER MODESTY,0,15.52096106,15.52096106,0,0,0,15.52096106,0,0,0,0,0
Puducherry,1.244464,20,0,20,ASSAULT ON WOMEN WITH INTENT TO OUTRAGE HER MODESTY,53.03488088,62.6775865,62.6775865,75.53452731,81.15943892,63.4811453,128.5694082,68.3024981,42.58861646,57.05267489,61.87402769,5.624911609
Total UT,0,70,45.13333333,24.88333333,ASSAULT ON WOMEN WITH INTENT TO OUTRAGE HER MODESTY,0,0,0,0,0,0,0,0,0,0,0,0
India,1210.193422,38.5,12.4,26.1,ASSAULT ON WOMEN WITH INTENT TO OUTRAGE HER MODESTY,34.90681674,35.66454685,35.07207958,36.00994619,35.88186749,37.2799911,39.66556017,40.35305358,39.54409199,41.33554115,44.42843518,46.9569566
Andhra Pradesh,84.665533,29.8,7.5,22.3,INSULT TO THE MODESTY OF WOMEN,26.78776026,28.73660525,36.21308331,29.85866752,34.99653159,33.26028787,42.68561092,38.26822894,49.34711744,45.11871437,48.68569126,51.35501834
Arunachal Pradesh,1.382611,0,0,0,INSULT TO THE MODESTY OF WOMEN,2.169807704,2.893076939,0,0,0,1.44653847,3.616346174,0.723269235,1.44653847,0.723269235,0,0
Assam,31.169272,43.9,16.2,27.7,INSULT TO THE MODESTY OF WOMEN,0.352911675,0.224580157,0.192497277,0.609574712,0.288745916,0.320828796,0.513326073,0.064165759,0.481243194,1.122900785,0.834154869,0.384994555
Bihar,103.804637,15.7,3.2,12.5,INSULT TO THE MODESTY OF WOMEN,0.356438798,0.154135696,0.19266962,0.173402658,0.260103987,0.529841456,0.183036139,0.289004431,0.154135696,0.211936582,0.086701329,0.37570576
Chhattisgarh,25.540196,49.9,4.5,45.4,INSULT TO THE MODESTY OF WOMEN,7.595869664,6.930252219,6.068864937,6.068864937,6.77363635,7.008560154,5.050861787,6.460404611,9.201182325,10.21918548,9.788491835,7.556715696
Goa,1.457723,40,20,20,INSULT TO THE MODESTY OF WOMEN,5.488011097,5.488011097,4.116008323,11.66202358,6.174012484,4.116008323,4.116008323,8.232016645,6.860013871,15.09203052,10.97602219,11.66202358
Gujarat,60.383628,46.2,16.3,29.9,INSULT TO THE MODESTY OF WOMEN,2.434434711,2.35163081,1.838246619,4.156755868,2.070097544,2.36819159,2.964379683,2.666285636,3.113426706,2.169462226,2.782211099,1.937611301
Haryana,25.353081,42.5,40.8,1.7,INSULT TO THE MODESTY OF WOMEN,18.9326102,63.58201593,53.12963738,37.82577747,29.77941813,23.03467575,22.71913224,28.83278762,28.28058649,25.04626558,22.24581699,22.00915936
Himachal Pradesh,6.856509,97.4,22.6,74.8,INSULT TO THE MODESTY OF WOMEN,2.625242671,2.333549041,2.625242671,2.479395856,4.958791712,4.958791712,1.750161781,8.021574828,5.833872602,10.6468175,8.167421643,13.27206017
Jammu and Kashmir,12.548926,65.3,5.7,59.7,INSULT TO THE MODESTY OF WOMEN,29.24553065,36.49714725,37.53309247,25.42050212,35.22213774,37.37371628,37.05496391,31.95492586,40.80030434,23.50798785,36.49714725,35.62057821
Jharkhand,32.966238,31.2,0,31.2,INSULT TO THE MODESTY OF WOMEN,1.395366981,0.091002194,0.879687879,0.879687879,2.669397703,1.001024139,0.697683491,1.911046083,1.152694463,0.606681296,0.485345037,1.547037305
Karnataka,61.130704,34.9,9.8,25.1,INSULT TO THE MODESTY OF WOMEN,1.16144581,1.35774651,0.932428326,1.030578676,0.866994759,0.687052451,0.719769234,0.621618884,0.654335667,0.359884617,0.719769234,2.404683578
Kerala,33.387677,77.1,15.3,61.8,INSULT TO THE MODESTY OF WOMEN,3.803798629,3.384482245,6.649159808,4.432773206,5.930331721,6.888769171,8.416278856,9.045253433,13.65773366,18.09050687,17.91079984,16.11372963
Madhya Pradesh,72.597565,43.9,4.2,39.7,INSULT TO THE MODESTY OF WOMEN,15.46883838,15.28976902,12.49353198,14.21535282,12.09406955,13.36132968,15.20712162,13.19603488,14.42197132,16.28153782,11.70838168,14.54594242
Maharashtra,112.372972,58.4,22.4,36,INSULT TO THE MODESTY OF WOMEN,11.69320324,8.649766778,8.462889101,9.71763922,11.17706489,10.63422973,11.48852769,12.03136284,11.89787879,13.48188958,11.56861812,13.7755545
Manipur,2.721756,64,40,24,INSULT TO THE MODESTY OF WOMEN,0,0,0,0,0,0,0,0,0.367409863,0,0.367409863,0
Meghalaya,2.964007,46.5,27.1,19.4,INSULT TO THE MODESTY OF WOMEN,0,0,0.33738112,0,0,0,0,0.674762239,0.33738112,0,0,0
Mizoram,1.091014,60,20,40,INSULT TO THE MODESTY OF WOMEN,0,0.916578522,0,0,5.499471134,0,0,0,0.916578522,0,0,0.916578522
Nagaland,1.980602,36.2,13.8,22.4,INSULT TO THE MODESTY OF WOMEN,0,0,2.52448498,0,0,1.009793992,0.504896996,0,0,1.514690988,0,0
Odisha,41.947358,19.6,2.1,17.5,INSULT TO THE MODESTY OF WOMEN,12.84943857,5.816814494,7.127981696,6.079047934,6.984945274,7.41405454,7.557090961,8.39147009,7.080302888,8.439148897,7.461733347,8.963615778
Punjab,27.704236,40.9,23.3,17.7,INSULT TO THE MODESTY OF WOMEN,2.057447099,6.677679182,8.121501708,1.552109215,1.516013652,2.707167236,2.129638226,2.201829352,1.804778157,1.516013652,1.227249147,1.624300342
Rajasthan,68.621012,28.6,5.8,22.9,INSULT TO THE MODESTY OF WOMEN,0.84522216,0.903513344,0.480902264,0.743212589,0.553766243,0.480902264,0.495475059,0.218591938,0.349747101,0.320601509,0.189446346,0.291455917
Sikkim,0.607688,100,100,0,INSULT TO THE MODESTY OF WOMEN,29.62046313,0,0,0,0,0,0,0,0,0,0,0
Tamil Nadu,72.138958,79,60,19,INSULT TO THE MODESTY OF WOMEN,17.03656435,25.74198535,12.25412765,14.37503436,10.90950052,11.87985,12.90564801,17.25835851,7.87369288,10.24411803,6.792446323,6.515203616
Tripura,3.671032,40,40,0,INSULT TO THE MODESTY OF WOMEN,0,0,0,0,0.272402965,0,1.089611858,2.179223717,2.724029646,2.451626682,2.451626682,4.086044469
Uttar Pradesh,199.581477,16.9,3.6,13.3,INSULT TO THE MODESTY OF WOMEN,19.84653115,13.88405398,30.69423121,20.92378543,22.39185754,19.30038828,20.78850233,24.84198471,19.43066089,0.075157275,0.015031455,0.07014679
Uttarakhand,10.116752,55.6,46.7,8.9,INSULT TO THE MODESTY OF WOMEN,13.54189566,13.34420375,16.50727427,26.39186964,17.69342572,18.38534739,12.65228208,45.37029276,41.41645461,27.87455895,10.97190086,10.18113323
West Bengal,91.347736,28.5,1.8,26.7,INSULT TO THE MODESTY OF WOMEN,0.613042013,0.536411762,0.91956302,0.985246093,0.722513802,0.83198559,1.2917671,1.707759895,1.313661457,1.806284504,2.463115233,6.754409327
Total(states),0,46.14285714,20.45357143,25.7,INSULT TO THE MODESTY OF WOMEN,0,0,0,0,0,0,0,0,0,0,0,0
Andaman and Nicobar Islands,0.379944,69.2,0,69.3,INSULT TO THE MODESTY OF WOMEN,2.631966816,7.895900448,5.263933632,7.895900448,7.895900448,15.7918009,0,10.52786726,21.05573453,36.84753543,18.42376771,15.7918009
Chandigarh,1.054686,100,100,0,INSULT TO THE MODESTY OF WOMEN,16.11854144,29.3926344,2.84444849,22.75558792,12.32594346,18.96298993,14.22224245,2.84444849,5.68889698,1.896298993,10.42964446,30.34078389
Dadra and Nagar Haveli,0.342853,100,40,60,INSULT TO THE MODESTY OF WOMEN,0,0,0,0,0,2.91670191,0,0,0,5.83340382,2.91670191,0
Daman and Diu,0.242911,60,60,0,INSULT TO THE MODESTY OF WOMEN,0,0,0,0,0,0,0,0,4.116734112,0,0,0
Delhi,16.753235,70.8,70.8,0,INSULT TO THE MODESTY OF WOMEN,6.386826186,10.2069839,6.744965972,8.177525117,15.22094091,9.72946419,10.80388355,8.416284974,7.879075295,5.312406828,9.848844119,13.78838177
Lakshadweep,0.064429,0,0,0,INSULT TO THE MODESTY OF WOMEN,0,0,0,0,0,0,0,0,0,0,0,0
Puducherry,1.244464,20,0,20,INSULT TO THE MODESTY OF WOMEN,36.16014605,28.12455804,34.55302845,32.94591085,24.10676404,56.24911609,41.78505766,22.49964643,16.87473483,22.49964643,16.07117602,13.66049962
Total UT,0,70,45.13333333,24.88333333,INSULT TO THE MODESTY OF WOMEN,0,0,0,0,0,0,0,0,0,0,0,0
India,1210.193422,38.5,12.4,26.1,INSULT TO THE MODESTY OF WOMEN,10.27852224,10.49253761,12.68474917,10.55285855,10.90073682,10.26282227,11.36429909,12.34761298,11.87248231,8.596972856,8.16398422,9.179524362
Andhra Pradesh,84.665533,29.8,7.5,22.3,CRUELTY BY HUSBAND OR HIS RELATIVES (IPC SECTION 498A),114.8637427,143.3168796,186.4276931,184.0536455,181.9984999,183.4394641,212.7902508,229.113304,224.6250549,254.7908132,244.7158751,250.9994238
Arunachal Pradesh,1.382611,0,0,0,CRUELTY BY HUSBAND OR HIS RELATIVES (IPC SECTION 498A),6.509423113,3.616346174,6.509423113,2.893076939,8.679230818,5.786153878,13.01884623,8.679230818,8.679230818,7.955961583,11.57230776,18.8050001
Assam,31.169272,43.9,16.2,27.7,CRUELTY BY HUSBAND OR HIS RELATIVES (IPC SECTION 498A),48.60556256,67.63071014,79.34096119,101.7348111,110.3330229,102.6652146,122.4924342,114.7604602,184.5728062,199.1705164,157.0136126,174.3704505
Bihar,103.804637,15.7,3.2,12.5,CRUELTY BY HUSBAND OR HIS RELATIVES (IPC SECTION 498A),36.97330014,41.21203179,37.95591521,39.71884223,30.35509868,30.0949947,38.27382008,35.95215115,47.57976274,37.08890191,49.45829154,67.07792832
Chhattisgarh,25.540196,49.9,4.5,45.4,CRUELTY BY HUSBAND OR HIS RELATIVES (IPC SECTION 498A),56.342559,59.47487639,59.82726209,88.76204396,75.29307919,75.6454649,85.94295831,89.93666298,96.39706759,95.92721998,86.13872814,101.0563897
Goa,1.457723,40,20,20,CRUELTY BY HUSBAND OR HIS RELATIVES (IPC SECTION 498A),24.69604994,7.546015258,37.73007629,30.87006242,9.604019419,23.32404716,32.24206519,15.7780319,31.55606381,28.12605687,14.40602913,37.0440749
Gujarat,60.383628,46.2,16.3,29.9,CRUELTY BY HUSBAND OR HIS RELATIVES (IPC SECTION 498A),168.7874733,155.8866254,179.1545218,202.6377084,219.7946768,246.39129,298.9220853,308.0636361,291.3869302,279.49629,300.4291163,330.9175129
Haryana,25.353081,42.5,40.8,1.7,CRUELTY BY HUSBAND OR HIS RELATIVES (IPC SECTION 498A),123.6141674,124.6002409,120.064303,135.1709483,130.280024,139.5491144,153.0385991,146.4121856,144.4005957,160.0199991,139.3518997,142.2312341
Himachal Pradesh,6.856509,97.4,22.6,74.8,CRUELTY BY HUSBAND OR HIS RELATIVES (IPC SECTION 498A),94.50873615,70.7357053,67.08953492,77.88219924,78.90312694,73.79848841,104.7180132,106.6140218,94.50873615,98.73829379,73.94433523,73.6526416
Jammu and Kashmir,12.548926,65.3,5.7,59.7,CRUELTY BY HUSBAND OR HIS RELATIVES (IPC SECTION 498A),8.765690387,9.00475467,11.87352607,13.70635224,10.35945228,17.69075696,25.50019022,23.10954738,37.37371628,33.30962347,49.16755426,50.52225186
Jharkhand,32.966238,31.2,0,31.2,CRUELTY BY HUSBAND OR HIS RELATIVES (IPC SECTION 498A),28.60502311,34.12582291,31.09241643,31.09241643,29.27237254,34.61116795,36.18853932,50.081541,47.3211411,48.53450369,40.82965123,66.94728103
Karnataka,61.130704,34.9,9.8,25.1,CRUELTY BY HUSBAND OR HIS RELATIVES (IPC SECTION 498A),55.83119082,52.65766283,55.92934117,45.72170476,54.53887788,57.0580702,68.41079403,78.96195666,94.6169375,106.5749218,111.2534218,103.3359603
Kerala,33.387677,77.1,15.3,61.8,CRUELTY BY HUSBAND OR HIS RELATIVES (IPC SECTION 498A),128.4306183,150.5944843,149.8756562,168.834747,188.3030077,202.7993742,198.4564545,188.7822264,174.5554206,225.2927031,218.7932991,207.351952
Madhya Pradesh,72.597565,43.9,4.2,39.7,CRUELTY BY HUSBAND OR HIS RELATIVES (IPC SECTION 498A),98.55702461,117.0424931,113.8467936,142.0157825,117.0562677,115.9267532,129.8115164,140.4454819,154.0272046,141.2306322,142.0571062,152.9527884
Maharashtra,112.372972,58.4,22.4,36,CRUELTY BY HUSBAND OR HIS RELATIVES (IPC SECTION 498A),186.3437411,180.2479692,177.3736126,182.3392194,204.3106949,214.1084246,220.2041964,231.1854847,262.4563494,251.492859,234.2645169,243.6439965
Manipur,2.721756,64,40,24,CRUELTY BY HUSBAND OR HIS RELATIVES (IPC SECTION 498A),1.469639453,4.041508497,3.674098633,0,6.61337754,2.20445918,5.51114795,4.40891836,9.185246583,4.776328223,8.083016993,7.71560713
Meghalaya,2.964007,46.5,27.1,19.4,CRUELTY BY HUSBAND OR HIS RELATIVES (IPC SECTION 498A),1.012143359,0,0.33738112,1.012143359,1.012143359,2.699048956,4.385954554,9.784052467,2.024286717,3.711192315,11.47095806,4.723335674
Mizoram,1.091014,60,20,40,CRUELTY BY HUSBAND OR HIS RELATIVES (IPC SECTION 498A),0,2.749735567,1.833157045,0,0,0,0.916578522,4.582892612,3.666314089,2.749735567,6.416049657,6.416049657
Nagaland,1.980602,36.2,13.8,22.4,CRUELTY BY HUSBAND OR HIS RELATIVES (IPC SECTION 498A),0,0,0,0,0,2.52448498,0,2.019587984,0,1.514690988,0.504896996,0
Odisha,41.947358,19.6,2.1,17.5,CRUELTY BY HUSBAND OR HIS RELATIVES (IPC SECTION 498A),47.01130403,49.49060201,52.80427912,49.72899604,63.67504719,63.43665315,49.80051425,50.56337517,69.49186168,115.3827137,89.1355303,112.0213578
Punjab,27.704236,40.9,23.3,17.7,CRUELTY BY HUSBAND OR HIS RELATIVES (IPC SECTION 498A),99.1184164,90.74424575,78.58004097,69.98929694,55.7315495,60.74883278,68.97862118,70.85559046,67.53479865,77.93032084,80.45701026,82.58664848
Rajasthan,68.621012,28.6,5.8,22.9,CRUELTY BY HUSBAND OR HIS RELATIVES (IPC SECTION 498A),103.2045403,106.5562834,102.8547932,118.2728112,99.08043909,120.6190314,123.6647457,116.9758324,135.9058942,132.8018887,142.6822443,144.9847461
Sikkim,0.607688,100,100,0,CRUELTY BY HUSBAND OR HIS RELATIVES (IPC SECTION 498A),0,4.936743855,1.645581285,1.645581285,4.936743855,6.582325141,13.16465028,8.227906426,19.74697542,6.582325141,6.582325141,9.873487711
Tamil Nadu,72.138958,79,60,19,CRUELTY BY HUSBAND OR HIS RELATIVES (IPC SECTION 498A),21.41699912,24.91025723,35.45934223,35.2098238,36.12472473,33.15822776,49.04423488,46.45201557,37.38617905,41.32302549,39.90908768,55.71192198
Tripura,3.671032,40,40,0,CRUELTY BY HUSBAND OR HIS RELATIVES (IPC SECTION 498A),68.64554708,67.82833819,129.9362141,134.2946616,240.2594148,233.4493407,168.3450321,289.8367544,479.4292177,319.2562745,483.7876652,312.4462004
Uttar Pradesh,199.581477,16.9,3.6,13.3,CRUELTY BY HUSBAND OR HIS RELATIVES (IPC SECTION 498A),99.34288641,85.80956639,35.51932828,72.12092132,70.91840492,73.10297638,117.5710309,140.2134127,159.3684969,149.5780092,167.6758811,180.9536664
Uttarakhand,10.116752,55.6,46.7,8.9,CRUELTY BY HUSBAND OR HIS RELATIVES (IPC SECTION 498A),73.73908148,79.27445488,84.41444448,143.7220167,68.9944757,97.75864823,142.0416355,56.34219362,87.97289881,61.77872108,37.75915432,47.8414416
West Bengal,91.347736,28.5,1.8,26.7,CRUELTY BY HUSBAND OR HIS RELATIVES (IPC SECTION 498A),72.7440032,96.24759611,104.5346105,111.79259,133.5665287,168.0829835,160.9235285,191.80552,151.9906306,201.2857768,192.484245,250.8108137
Total(states),0,46.14285714,20.45357143,25.7,CRUELTY BY HUSBAND OR HIS RELATIVES (IPC SECTION 498A),0,0,0,0,0,0,0,0,0,0,0,0
Andaman and Nicobar Islands,0.379944,69.2,0,69.3,CRUELTY BY HUSBAND OR HIS RELATIVES (IPC SECTION 498A),18.42376771,7.895900448,39.47950224,39.47950224,18.42376771,18.42376771,89.48687175,60.53523677,92.11883857,31.58360179,21.05573453,10.52786726
Chandigarh,1.054686,100,100,0,CRUELTY BY HUSBAND OR HIS RELATIVES (IPC SECTION 498A),31.28893339,48.35562433,106.1927436,127.0520325,134.6372285,180.1484044,135.585378,75.85195973,26.54818591,17.06669094,22.75558792,81.54085671
Dadra and Nagar Haveli,0.342853,100,40,60,CRUELTY BY HUSBAND OR HIS RELATIVES (IPC SECTION 498A),11.66680764,23.33361528,5.83340382,17.50021146,37.91712483,17.50021146,8.75010573,32.08372101,0,40.83382674,11.66680764,0
Daman and Diu,0.242911,60,60,0,CRUELTY BY HUSBAND OR HIS RELATIVES (IPC SECTION 498A),53.51754346,16.46693645,0,32.9338729,28.81713879,57.63427757,78.21794814,82.33468225,16.46693645,24.70040467,0,45.28407524
Delhi,16.753235,70.8,70.8,0,CRUELTY BY HUSBAND OR HIS RELATIVES (IPC SECTION 498A),71.62795723,50.37832992,154.8357675,145.3450632,153.5225883,194.3505239,160.4466242,43.27522416,39.27599655,52.4077887,51.33336935,61.24190343
Lakshadweep,0.064429,0,0,0,CRUELTY BY HUSBAND OR HIS RELATIVES (IPC SECTION 498A),0,0,0,15.52096106,0,15.52096106,0,0,31.04192212,0,0,15.52096106
Puducherry,1.244464,20,0,20,CRUELTY BY HUSBAND OR HIS RELATIVES (IPC SECTION 498A),2.410676404,9.642705615,3.214235205,0.803558801,2.410676404,24.91032284,31.33879325,12.85694082,16.87473483,7.232029211,16.87473483,5.624911609
Total UT,0,70,45.13333333,24.88333333,CRUELTY BY HUSBAND OR HIS RELATIVES (IPC SECTION 498A),0,0,0,0,0,0,0,0,0,0,0,0
India,1210.193422,38.5,12.4,26.1,CRUELTY BY HUSBAND OR HIS RELATIVES (IPC SECTION 498A),90.45413569,93.3371459,91.40935489,103.8321625,105.4046384,113.3537809,129.2454554,136.2269841,144.1050636,149.0778224,149.3158009,163.4135473
Andhra Pradesh,84.665533,29.8,7.5,22.3,IMPORTATION OF GIRLS FROM FOREIGN COUNTRY,0.070867091,0,0.011811182,0.059055909,0.059055909,0,0,0,0,0,0,0
Arunachal Pradesh,1.382611,0,0,0,IMPORTATION OF GIRLS FROM FOREIGN COUNTRY,0,0,0,0,0,0,0,0,0,0,0,0
Assam,31.169272,43.9,16.2,27.7,IMPORTATION OF GIRLS FROM FOREIGN COUNTRY,0,0,0,0,0.096248639,0,0,0,0.03208288,0,0.064165759,0.064165759
Bihar,103.804637,15.7,3.2,12.5,IMPORTATION OF GIRLS FROM FOREIGN COUNTRY,1.724393102,0.606909304,0.462407089,0.37570576,0.867013292,0.655076709,0.838112848,0.539474937,0.163769177,0.250470506,0.250470506,0.057800886
Chhattisgarh,25.540196,49.9,4.5,45.4,IMPORTATION OF GIRLS FROM FOREIGN COUNTRY,0,0,0,0,0,0.117461902,0,0,0,0.195769837,0.274077771,0
Goa,1.457723,40,20,20,IMPORTATION OF GIRLS FROM FOREIGN COUNTRY,0,0,0,0,0,0,0,0,0,0,0,0
Gujarat,60.383628,46.2,16.3,29.9,IMPORTATION OF GIRLS FROM FOREIGN COUNTRY,0,0,0,0,0,0,0,0,0,0,0,0
Haryana,25.353081,42.5,40.8,1.7,IMPORTATION OF GIRLS FROM FOREIGN COUNTRY,0,0,0,0,0,0,0,0,0,0,0,0
Himachal Pradesh,6.856509,97.4,22.6,74.8,IMPORTATION OF GIRLS FROM FOREIGN COUNTRY,0,0,0,0,0,0,0,0,0,0,0,0
Jammu and Kashmir,12.548926,65.3,5.7,59.7,IMPORTATION OF GIRLS FROM FOREIGN COUNTRY,0,0,0,0,0,0,0,0,0,0,0,0
Jharkhand,32.966238,31.2,0,31.2,IMPORTATION OF GIRLS FROM FOREIGN COUNTRY,0.242672518,1.001024139,0,0,1.061692268,0,0,1.911046083,0.606681296,0.455010972,0.030334065,0.091002194
Karnataka,61.130704,34.9,9.8,25.1,IMPORTATION OF GIRLS FROM FOREIGN COUNTRY,0,0,0,0,0,0,0,0,0,0,0.032716783,0
Kerala,33.387677,77.1,15.3,61.8,IMPORTATION OF GIRLS FROM FOREIGN COUNTRY,0,0,0,0,0,0,0,0,0,0,0,0
Madhya Pradesh,72.597565,43.9,4.2,39.7,IMPORTATION OF GIRLS FROM FOREIGN COUNTRY,0,0,0,0,0.055098267,0,0,0,0.027549133,0.261716767,2.451872869,0.137745667
Maharashtra,112.372972,58.4,22.4,36,IMPORTATION OF GIRLS FROM FOREIGN COUNTRY,0.097888307,0,0,0,0,0.017797874,0,0,0,0,0,0
Manipur,2.721756,64,40,24,IMPORTATION OF GIRLS FROM FOREIGN COUNTRY,0,0,0,0,0,0,0,0,0,0,0,0
Meghalaya,2.964007,46.5,27.1,19.4,IMPORTATION OF GIRLS FROM FOREIGN COUNTRY,0,0,0,0,0,0,0,0,0.674762239,0,0.674762239,0
Mizoram,1.091014,60,20,40,IMPORTATION OF GIRLS FROM FOREIGN COUNTRY,0,0.916578522,0.916578522,0,0,0,0,0,0,0,0,0
Nagaland,1.980602,36.2,13.8,22.4,IMPORTATION OF GIRLS FROM FOREIGN COUNTRY,0,0,0.504896996,0,0,0,0,0,0,0,0,0
Odisha,41.947358,19.6,2.1,17.5,IMPORTATION OF GIRLS FROM FOREIGN COUNTRY,0,0,0,0,0,0,0,0,0,0.119197018,0.071518211,0
Punjab,27.704236,40.9,23.3,17.7,IMPORTATION OF GIRLS FROM FOREIGN COUNTRY,0,0,0,0,0,0.216573379,0,0,0,0,0,0
Rajasthan,68.621012,28.6,5.8,22.9,IMPORTATION OF GIRLS FROM FOREIGN COUNTRY,0.029145592,0,0.043718388,0.072863979,0,0.058291183,0,0,0,0,0,0
Sikkim,0.607688,100,100,0,IMPORTATION OF GIRLS FROM FOREIGN COUNTRY,0,0,0,0,0,0,0,0,0,0,0,0
Tamil Nadu,72.138958,79,60,19,IMPORTATION OF GIRLS FROM FOREIGN COUNTRY,0.166345624,0,0,0,0,0,0,0,0,0,0,0
Tripura,3.671032,40,40,0,IMPORTATION OF GIRLS FROM FOREIGN COUNTRY,0,0,0,0,0,0,0,0,0,0,0,0
Uttar Pradesh,199.581477,16.9,3.6,13.3,IMPORTATION OF GIRLS FROM FOREIGN COUNTRY,0,0,0,0.035073395,0,0,0,0,0,0,0,0
Uttarakhand,10.116752,55.6,46.7,8.9,IMPORTATION OF GIRLS FROM FOREIGN COUNTRY,0,0.197691907,0,0,0,0,0,0,0,0,0,0
West Bengal,91.347736,28.5,1.8,26.7,IMPORTATION OF GIRLS FROM FOREIGN COUNTRY,0.021894358,0.021894358,0.010947179,0.131366146,0.821038411,0.021894358,0.08757743,0.065683073,0.076630252,0.120418967,0,0.27367947
Total(states),0,46.14285714,20.45357143,25.7,IMPORTATION OF GIRLS FROM FOREIGN COUNTRY,0,0,0,0,0,0,0,0,0,0,0,0
Andaman and Nicobar Islands,0.379944,69.2,0,69.3,IMPORTATION OF GIRLS FROM FOREIGN COUNTRY,0,0,0,0,0,0,0,0,0,0,0,0
Chandigarh,1.054686,100,100,0,IMPORTATION OF GIRLS FROM FOREIGN COUNTRY,0,0,0,0,0,0,0,0,0,0,0,0
Dadra and Nagar Haveli,0.342853,100,40,60,IMPORTATION OF GIRLS FROM FOREIGN COUNTRY,0,0,0,0,0,0,0,0,0,0,0,0
Daman and Diu,0.242911,60,60,0,IMPORTATION OF GIRLS FROM FOREIGN COUNTRY,0,0,0,0,0,0,0,0,0,0,0,0
Delhi,16.753235,70.8,70.8,0,IMPORTATION OF GIRLS FROM FOREIGN COUNTRY,0,0,0,0,0,0,0,0,0,0,0,0
Lakshadweep,0.064429,0,0,0,IMPORTATION OF GIRLS FROM FOREIGN COUNTRY,0,0,0,0,0,0,0,0,0,0,0,0
Puducherry,1.244464,20,0,20,IMPORTATION OF GIRLS FROM FOREIGN COUNTRY,0,0,0,0,0,0,0,0,0,0,0,0
Total UT,0,70,45.13333333,24.88333333,IMPORTATION OF GIRLS FROM FOREIGN COUNTRY,0,0,0,0,0,0,0,0,0,0,0,0
India,1210.193422,38.5,12.4,26.1,IMPORTATION OF GIRLS FROM FOREIGN COUNTRY,0.181789122,0.083457733,0.045447281,0.056189365,0.175178609,0.070236706,0.078499848,0.103289274,0.040489395,0.06693145,0.182615436,0.038010453
Andhra Pradesh,84.665533,29.8,7.5,22.3,IMMORAL TRAFFIC (P) ACT,21.96879809,18.87426847,10.40565114,12.59071977,19.97270837,21.61446264,20.07900901,13.92538331,12.00016068,15.73249412,14.9647673,15.99234012
Arunachal Pradesh,1.382611,0,0,0,IMMORAL TRAFFIC (P) ACT,0,0,0,0,0,0,0,0,0,0,0,0.723269235
Assam,31.169272,43.9,16.2,27.7,IMMORAL TRAFFIC (P) ACT,0.192497277,2.021221413,2.630796125,2.630796125,2.213718691,3.978277067,1.668309738,1.989138534,1.957055654,1.572061099,1.764558377,1.636226858
Bihar,103.804637,15.7,3.2,12.5,IMMORAL TRAFFIC (P) ACT,1.618424811,0.260103987,0.327538355,0.481674051,0.414239684,0.289004431,0.529841456,0.770678481,0.539474937,0.500941013,0.327538355,1.117483798
Chhattisgarh,25.540196,49.9,4.5,45.4,IMMORAL TRAFFIC (P) ACT,1.409542824,1.17461902,0.743925379,1.566158694,0.743925379,2.819085648,2.858239616,0.352385706,1.683620596,1.996852334,2.34923804,0.861387281
Goa,1.457723,40,20,20,IMMORAL TRAFFIC (P) ACT,69.2861401,47.33409571,44.59009016,48.70609848,75.46015258,42.532086,18.52203745,28.81205826,45.96209294,30.18406103,28.81205826,68.60013871
Gujarat,60.383628,46.2,16.3,29.9,IMMORAL TRAFFIC (P) ACT,6.458704336,7.054892429,11.55942468,2.583481734,4.388606793,6.243414192,3.7924187,3.510885434,3.31215607,2.600042515,3.411520752,2.053536763
Haryana,25.353081,42.5,40.8,1.7,IMMORAL TRAFFIC (P) ACT,3.668193227,7.139171764,9.86073448,10.84680793,12.5822972,14.16001471,13.92335709,14.23890059,15.42218873,8.91410397,9.900177418,11.95121019
Himachal Pradesh,6.856509,97.4,22.6,74.8,IMMORAL TRAFFIC (P) ACT,0.729234075,0.29169363,3.646170376,2.187702226,3.792017191,0,0,1.750161781,3.792017191,1.604314966,0.437540445,2.625242671
Jammu and Kashmir,12.548926,65.3,5.7,59.7,IMMORAL TRAFFIC (P) ACT,1.275009511,1.593761888,0.398440472,2.310954738,1.035945228,1.115633322,0.71719285,0.796880944,1.514073794,0,0.637504755,1.035945228
Jharkhand,32.966238,31.2,0,31.2,IMMORAL TRAFFIC (P) ACT,0.06066813,0.212338454,0.151670324,0.151670324,1.122360398,1.031358204,1.789709824,0.485345037,0.06066813,0.697683491,0.667349426,0.606681296
Karnataka,61.130704,34.9,9.8,25.1,IMMORAL TRAFFIC (P) ACT,38.03326067,39.9308341,44.54390056,42.05742502,51.98696877,41.63210684,31.21181133,27.25308055,21.88752807,15.27873783,22.68908927,20.28440569
Kerala,33.387677,77.1,15.3,61.8,IMMORAL TRAFFIC (P) ACT,12.27997983,14.25675707,13.62778249,12.75919855,15.06543866,13.74758717,15.51470622,12.63939387,19.43830953,17.2518741,9.224960455,9.70417918
Madhya Pradesh,72.597565,43.9,4.2,39.7,IMMORAL TRAFFIC (P) ACT,1.446329502,1.088190768,1.294809268,1.832017369,1.088190768,0.950445101,1.446329502,0.537208101,1.033092501,1.253485568,2.65849137,0.812699434
Maharashtra,112.372972,58.4,22.4,36,IMMORAL TRAFFIC (P) ACT,8.685362526,12.79667143,8.560777408,10.22487863,9.308288118,14.63875139,11.26605426,12.50300651,12.78777249,8.961229574,12.38732032,14.4251769
Manipur,2.721756,64,40,24,IMMORAL TRAFFIC (P) ACT,4.041508497,10.65488604,0,0,0.734819727,0,0,0,0,0,0,0
Meghalaya,2.964007,46.5,27.1,19.4,IMMORAL TRAFFIC (P) ACT,0,0,0.33738112,0,0,0.674762239,0.33738112,4.723335674,0,4.048573435,5.060716793,6.747622391
Mizoram,1.091014,60,20,40,IMMORAL TRAFFIC (P) ACT,10.08236375,8.249206701,0.916578522,3.666314089,0,0,0,0.916578522,0.916578522,0,4.582892612,0
Nagaland,1.980602,36.2,13.8,22.4,IMMORAL TRAFFIC (P) ACT,0.504896996,12.1175279,0.504896996,6.058763952,2.52448498,9.593042923,10.09793992,5.04896996,12.1175279,7.573454939,3.029381976,13.1273219
Odisha,41.947358,19.6,2.1,17.5,IMMORAL TRAFFIC (P) ACT,2.264743348,2.598494999,1.883312889,1.501882431,2.550816192,3.12296188,3.12296188,2.550816192,1.358846009,2.312422155,1.644918853,1.9548311
Punjab,27.704236,40.9,23.3,17.7,IMMORAL TRAFFIC (P) ACT,4.331467578,7.543972698,8.265883961,5.053378841,6.677679182,9.709706487,5.233856656,6.064054609,8.446361777,10.39552219,7.724450514,14.51041639
Rajasthan,68.621012,28.6,5.8,22.9,IMMORAL TRAFFIC (P) ACT,3.176869499,4.094955638,3.730635742,3.963800476,5.945700713,5.639672,4.663294677,3.686917354,3.133151111,4.357265964,4.940177799,5.085905757
Sikkim,0.607688,100,100,0,IMMORAL TRAFFIC (P) ACT,0,0,11.519069,4.936743855,0,3.29116257,18.10139414,0,3.29116257,8.227906426,11.519069,0
Tamil Nadu,72.138958,79,60,19,IMMORAL TRAFFIC (P) ACT,73.89904357,54.21481136,45.78663307,52.57907939,50.5829319,31.06504533,27.22523383,17.72967112,17.59104976,12.76702666,12.17095484,12.85019947
Tripura,3.671032,40,40,0,IMMORAL TRAFFIC (P) ACT,0,0,0,0,0,0,0,0,0,0.272402965,2.179223717,0
Uttar Pradesh,199.581477,16.9,3.6,13.3,IMMORAL TRAFFIC (P) ACT,0.626310627,1.182474464,1.523187445,1.297715619,1.002097003,2.460148143,1.523187445,1.919015761,1.007107488,0.596247717,1.282684164,0.936960698
Uttarakhand,10.116752,55.6,46.7,8.9,IMMORAL TRAFFIC (P) ACT,0,0,0,1.680381213,0.988459537,2.273456936,5.930757223,1.976919074,2.866532658,2.66884075,1.383843352,6.029603177
West Bengal,91.347736,28.5,1.8,26.7,IMMORAL TRAFFIC (P) ACT,1.718707073,0.963351735,3.59067465,2.824372133,1.653024001,1.83912604,2.769636239,2.539745484,2.605428557,2.48500959,3.678252081,4.980966359
Total(states),0,46.14285714,20.45357143,25.7,IMMORAL TRAFFIC (P) ACT,0,0,0,0,0,0,0,0,0,0,0,0
Andaman and Nicobar Islands,0.379944,69.2,0,69.3,IMMORAL TRAFFIC (P) ACT,0,0,0,0,0,0,5.263933632,0,5.263933632,39.47950224,36.84753543,42.11146906
Chandigarh,1.054686,100,100,0,IMMORAL TRAFFIC (P) ACT,8.53334547,8.53334547,13.27409295,45.51117584,25.60003641,6.637046476,19.91113943,33.18523238,13.27409295,12.32594346,4.740747483,0
Dadra and Nagar Haveli,0.342853,100,40,60,IMMORAL TRAFFIC (P) ACT,0,0,23.33361528,0,0,0,17.50021146,64.16744202,0,23.33361528,0,35.00042292
Daman and Diu,0.242911,60,60,0,IMMORAL TRAFFIC (P) ACT,111.151821,41.16734112,0,20.58367056,16.46693645,20.58367056,115.2685551,123.5020234,111.151821,172.9028327,193.4865033,98.8016187
Delhi,16.753235,70.8,70.8,0,IMMORAL TRAFFIC (P) ACT,8.117835152,11.99768284,12.23644269,28.472113,29.90467214,22.4434266,12.95272227,9.669774226,4.596127255,5.730236578,7.341865616,6.207756293
Lakshadweep,0.064429,0,0,0,IMMORAL TRAFFIC (P) ACT,0,0,0,0,0,0,0,0,0,0,0,0
Puducherry,1.244464,20,0,20,IMMORAL TRAFFIC (P) ACT,71.51673331,66.6953805,53.83843968,7.232029211,14.46405842,33.74946965,19.28541123,15.26761722,25.71388164,29.73167565,13.66049962,16.87473483
Total UT,0,70,45.13333333,24.88333333,IMMORAL TRAFFIC (P) ACT,0,0,0,0,0,0,0,0,0,0,0,0
India,1210.193422,38.5,12.4,26.1,IMMORAL TRAFFIC (P) ACT,10.59582689,9.962043902,9.172913848,9.443118589,10.46526925,9.736460128,8.14828425,6.817092086,6.446903328,5.598278653,6.264287892,6.653481876
Andhra Pradesh,84.665533,29.8,7.5,22.3,DOWRY PROHIBITION ACT,12.30725141,8.26782724,4.783528617,5.622122523,5.33865416,8.326883149,14.18522931,16.92542348,17.81126211,19.07505856,22.73652491,32.83508532
Arunachal Pradesh,1.382611,0,0,0,DOWRY PROHIBITION ACT,0,0,0,0,0,0,0,0,0,0,0,0
Assam,31.169272,43.9,16.2,27.7,DOWRY PROHIBITION ACT,6.320327276,3.144122198,4.331188743,1.47581246,3.914111308,1.572061099,2.406215968,0.449160314,1.058735026,3.368702355,0.481243194,2.021221413
Bihar,103.804637,15.7,3.2,12.5,DOWRY PROHIBITION ACT,24.09333602,25.33605507,17.63890374,18.93942368,18.28434697,16.12644722,22.10883893,26.09710007,21.60789792,23.82359855,31.48221596,26.76181026
Chhattisgarh,25.540196,49.9,4.5,45.4,DOWRY PROHIBITION ACT,0.665617445,1.722774563,1.292080922,1.096311085,0.626463477,1.213772987,1.487850759,0.900541249,1.213772987,0.509001575,1.644466628,1.566158694
Goa,1.457723,40,20,20,DOWRY PROHIBITION ACT,0,0,0,0,0,0,0,0,0,0,0,0
Gujarat,60.383628,46.2,16.3,29.9,DOWRY PROHIBITION ACT,0,0,0,0,0,0.033121561,0,0,0.082803902,0.198729364,1.42422711,0
Haryana,25.353081,42.5,40.8,1.7,DOWRY PROHIBITION ACT,0,0.078885876,0.118328814,0.276100565,0.394429379,0.907187572,0.828301696,0.749415821,0.670529945,0.749415821,0.315543503,0.315543503
Himachal Pradesh,6.856509,97.4,22.6,74.8,DOWRY PROHIBITION ACT,4.229557636,1.45846815,1.16677452,0.437540445,1.750161781,0,1.16677452,0.58338726,2.041855411,0,0,0
Jammu and Kashmir,12.548926,65.3,5.7,59.7,DOWRY PROHIBITION ACT,0.159376189,0.239064283,0.557816661,0.079688094,0,0.079688094,0,0.159376189,0.318752378,0.159376189,0.079688094,0.079688094
Jharkhand,32.966238,31.2,0,31.2,DOWRY PROHIBITION ACT,25.93562541,15.37937086,23.47856616,23.47856616,17.16908068,17.53308946,25.99629354,26.1176298,19.35313335,33.61014381,28.90836376,51.23423546
Karnataka,61.130704,34.9,9.8,25.1,DOWRY PROHIBITION ACT,8.506363676,11.025556,12.62867838,9.357000044,11.94162593,17.92879729,20.2680473,24.45579557,30.31209979,35.23597569,37.41164178,42.17193376
Kerala,33.387677,77.1,15.3,61.8,DOWRY PROHIBITION ACT,0.089853511,0.089853511,0.239609362,0.02995117,0.089853511,0.149755852,0.179707022,0.059902341,0.089853511,0.209658192,0.149755852,0.179707022
Madhya Pradesh,72.597565,43.9,4.2,39.7,DOWRY PROHIBITION ACT,1.336132968,0.936670534,1.005543368,1.460104068,1.294809268,1.473878635,1.928439335,1.294809268,8.402485676,2.093734136,2.341676336,4.421635905
Maharashtra,112.372972,58.4,22.4,36,DOWRY PROHIBITION ACT,0.347058544,0.498340473,0.738611772,0.525037284,0.667420276,1.584010789,1.254750119,1.432728859,1.557313978,1.067872442,1.539516104,0.943287324
Manipur,2.721756,64,40,24,DOWRY PROHIBITION ACT,0,0,0,0,0,0,0,0,0,0,0,0
Meghalaya,2.964007,46.5,27.1,19.4,DOWRY PROHIBITION ACT,0,0,0,0,0,0,0,0,0,0,0,0
Mizoram,1.091014,60,20,40,DOWRY PROHIBITION ACT,0,0,0,0,0,0,0,0,0,0,0,0
Nagaland,1.980602,36.2,13.8,22.4,DOWRY PROHIBITION ACT,0,0,0,0,0,0,0,0,0,0,0,0
Odisha,41.947358,19.6,2.1,17.5,DOWRY PROHIBITION ACT,12.53952633,16.97365541,17.06901302,16.61606435,25.24592848,28.44040857,35.97366013,51.35007549,40.47930742,78.16940461,54.04392811,48.84693811
Punjab,27.704236,40.9,23.3,17.7,DOWRY PROHIBITION ACT,0,0,0.216573379,0.072191126,0.397051195,0.252668942,0.252668942,0.252668942,0.721911263,0.108286689,0.216573379,0
Rajasthan,68.621012,28.6,5.8,22.9,DOWRY PROHIBITION ACT,0.102009571,0.058291183,0.014572796,0.335174305,0,0.072863979,0.058291183,0.116582367,0.043718388,0,0,0.728639793
Sikkim,0.607688,100,100,0,DOWRY PROHIBITION ACT,0,0,0,0,0,0,0,0,0,0,0,0
Tamil Nadu,72.138958,79,60,19,DOWRY PROHIBITION ACT,0.914900933,3.063531913,4.89333378,4.934920186,7.097413301,2.675392123,13.46013343,8.497488971,6.667687105,5.849821119,5.891407525,7.887555016
Tripura,3.671032,40,40,0,DOWRY PROHIBITION ACT,0,0,0,0,0,0,0,0,0.544805929,0.272402965,0,0
Uttar Pradesh,199.581477,16.9,3.6,13.3,DOWRY PROHIBITION ACT,5.606732733,4.57457282,5.105684231,5.331156057,7.505706554,8.427635797,8.076901846,3.978325103,4.068513833,2.094382737,2.530294933,11.24352838
Uttarakhand,10.116752,55.6,46.7,8.9,DOWRY PROHIBITION ACT,0.691921676,0.395383815,0.494229769,0.494229769,0.395383815,0,0.197691907,0.197691907,0.098845954,0,0.691921676,0
West Bengal,91.347736,28.5,1.8,26.7,DOWRY PROHIBITION ACT,0.08757743,0.08757743,0.284626649,0.470728689,1.061876345,0.295573828,1.587340928,1.061876345,0.810091232,1.554499391,2.145647047,5.101385326
Total(states),0,46.14285714,20.45357143,25.7,DOWRY PROHIBITION ACT,0,0,0,0,0,0,0,0,0,0,0,0
Andaman and Nicobar Islands,0.379944,69.2,0,69.3,DOWRY PROHIBITION ACT,0,0,0,0,0,0,2.631966816,0,0,0,0,0
Chandigarh,1.054686,100,100,0,DOWRY PROHIBITION ACT,0,0,0,0,0,0,0,0,0.948149497,0,0.948149497,0
Dadra and Nagar Haveli,0.342853,100,40,60,DOWRY PROHIBITION ACT,0,0,0,0,0,0,0,0,2.91670191,0,0,0
Daman and Diu,0.242911,60,60,0,DOWRY PROHIBITION ACT,0,0,0,0,0,0,0,0,0,0,0,0
Delhi,16.753235,70.8,70.8,0,DOWRY PROHIBITION ACT,1.134109323,0.775969537,0.835659501,1.492249109,0.895349465,1.37286918,1.37286918,1.014729394,0.119379929,0.358139786,0.358139786,0.656589608
Lakshadweep,0.064429,0,0,0,DOWRY PROHIBITION ACT,0,0,0,0,0,0,0,0,0,0,0,0
Puducherry,1.244464,20,0,20,DOWRY PROHIBITION ACT,1.607117602,7.232029211,12.05338202,5.624911609,18.48185243,1.607117602,20.89252883,20.89252883,10.44626442,23.30320524,20.89252883,21.69608763
Total UT,0,70,45.13333333,24.88333333,DOWRY PROHIBITION ACT,0,0,0,0,0,0,0,0,0,0,0,0
India,1210.193422,38.5,12.4,26.1,DOWRY PROHIBITION ACT,5.830472941,5.51895249,5.195037327,5.173553158,5.946983242,6.264287892,8.528388779,8.705220016,8.463109957,9.981875443,10.22315919,13.04419584
Andhra Pradesh,84.665533,29.8,7.5,22.3,INDECENT REPRESENTATION OF WOMEN (P) ACT,6.011891521,27.72084362,10.75998659,16.64195512,31.7484566,16.38210912,12.10646132,11.06707732,8.362316694,9.496190144,3.815011712,0.307090726
Arunachal Pradesh,1.382611,0,0,0,INDECENT REPRESENTATION OF WOMEN (P) ACT,0,0,0,0,0,0,0,0,0,0,0,0
Assam,31.169272,43.9,16.2,27.7,INDECENT REPRESENTATION OF WOMEN (P) ACT,0.03208288,0.096248639,0,0,0,0,0,0,0,0,0.03208288,0.096248639
Bihar,103.804637,15.7,3.2,12.5,INDECENT REPRESENTATION OF WOMEN (P) ACT,0.404606203,0.019266962,0,0,0,0,0,0,0,0,0,0.067434367
Chhattisgarh,25.540196,49.9,4.5,45.4,INDECENT REPRESENTATION OF WOMEN (P) ACT,0,0,0,0,0,0,0,0,0.039153967,0.039153967,0,0.039153967
Goa,1.457723,40,20,20,INDECENT REPRESENTATION OF WOMEN (P) ACT,0,0,0,0,0,0,0,0,0,0,0,0
Gujarat,60.383628,46.2,16.3,29.9,INDECENT REPRESENTATION OF WOMEN (P) ACT,0,0.132486243,0.248411705,0,0,0,0,0,0,0,0,0
Haryana,25.353081,42.5,40.8,1.7,INDECENT REPRESENTATION OF WOMEN (P) ACT,0,0,0,0,0,0,0,0,0,0,0,0.394429379
Himachal Pradesh,6.856509,97.4,22.6,74.8,INDECENT REPRESENTATION OF WOMEN (P) ACT,0,0,0,0.29169363,0,0,0,0,0,0,0,0
Jammu and Kashmir,12.548926,65.3,5.7,59.7,INDECENT REPRESENTATION OF WOMEN (P) ACT,0,0,0,0,0,0,0,0,0.159376189,0,0,0
Jharkhand,32.966238,31.2,0,31.2,INDECENT REPRESENTATION OF WOMEN (P) ACT,0,0,0,0,0,0.242672518,0,0,0,0.606681296,0,0
Karnataka,61.130704,34.9,9.8,25.1,INDECENT REPRESENTATION OF WOMEN (P) ACT,0,0,0,0,0,0,0,0,0,0,0,0
Kerala,33.387677,77.1,15.3,61.8,INDECENT REPRESENTATION OF WOMEN (P) ACT,1.497558515,1.317851494,0.868583939,1.856972559,3.594140437,1.97677724,0.92848628,1.048290961,0.898535109,1.347802664,0.299511703,0.269560533
Madhya Pradesh,72.597565,43.9,4.2,39.7,INDECENT REPRESENTATION OF WOMEN (P) ACT,0,0,0,0,0,0.0826474,0,0,0.027549133,0,0,0
Maharashtra,112.372972,58.4,22.4,36,INDECENT REPRESENTATION OF WOMEN (P) ACT,0.160180866,0.489441536,0.071191496,0.115686181,0.097888307,0.32926067,0.008898937,0.017797874,0.169079803,0,0.008898937,0.017797874
Manipur,2.721756,64,40,24,INDECENT REPRESENTATION OF WOMEN (P) ACT,0,0,0,0,0,0,0,0,0,0,0,0
Meghalaya,2.964007,46.5,27.1,19.4,INDECENT REPRESENTATION OF WOMEN (P) ACT,0,0,0,0,0,0,0,0,0,0,0,0
Mizoram,1.091014,60,20,40,INDECENT REPRESENTATION OF WOMEN (P) ACT,0,0,0,0,0,0,0,0,0,0,0,0
Nagaland,1.980602,36.2,13.8,22.4,INDECENT REPRESENTATION OF WOMEN (P) ACT,0,0,0,0,0,0,0,0,0,0,0,0
Odisha,41.947358,19.6,2.1,17.5,INDECENT REPRESENTATION OF WOMEN (P) ACT,0,0,0,0,0,0,0,0,0,0,0.023839404,0.023839404
Punjab,27.704236,40.9,23.3,17.7,INDECENT REPRESENTATION OF WOMEN (P) ACT,0.036095563,0.360955631,0.036095563,0.252668942,0,0,0,0,0,0,0,0
Rajasthan,68.621012,28.6,5.8,22.9,INDECENT REPRESENTATION OF WOMEN (P) ACT,0.757785385,0.684921406,1.369842811,1.500997974,1.369842811,1.51557077,1.821599483,1.530143566,1.69044432,0.91808614,1.530143566,0.961804527
Sikkim,0.607688,100,100,0,INDECENT REPRESENTATION OF WOMEN (P) ACT,0,0,0,0,0,0,0,0,0,0,0,0
Tamil Nadu,72.138958,79,60,19,INDECENT REPRESENTATION OF WOMEN (P) ACT,0.152483489,0.124759218,0.097034947,1.067384422,0.817865986,0.706968903,0.374277655,0.055448541,0.013862135,0.249518436,0.166345624,0.554485414
Tripura,3.671032,40,40,0,INDECENT REPRESENTATION OF WOMEN (P) ACT,0,0,0,0,0,0,0,0,0,0,0,0
Uttar Pradesh,199.581477,16.9,3.6,13.3,INDECENT REPRESENTATION OF WOMEN (P) ACT,0.03006291,0,0,0,0,0,0,0,0,0.015031455,0.035073395,0
Uttarakhand,10.116752,55.6,46.7,8.9,INDECENT REPRESENTATION OF WOMEN (P) ACT,0,0,0,0,0,0,0,0,0,0,0,0
West Bengal,91.347736,28.5,1.8,26.7,INDECENT REPRESENTATION OF WOMEN (P) ACT,0,0,0.010947179,0.295573828,0.043788715,0.043788715,0.218943576,0.032841536,0,0.032841536,0.010947179,0.109471788
Total(states),0,46.14285714,20.45357143,25.7,INDECENT REPRESENTATION OF WOMEN (P) ACT,0,0,0,0,0,0,0,0,0,0,0,0
Andaman and Nicobar Islands,0.379944,69.2,0,69.3,INDECENT REPRESENTATION OF WOMEN (P) ACT,0,0,0,0,0,0,0,0,0,0,0,0
Chandigarh,1.054686,100,100,0,INDECENT REPRESENTATION OF WOMEN (P) ACT,0,0.948149497,0,0,0,0,0,0,0,0,0,0
Dadra and Nagar Haveli,0.342853,100,40,60,INDECENT REPRESENTATION OF WOMEN (P) ACT,0,0,0,0,0,0,0,0,0,0,0,0
Daman and Diu,0.242911,60,60,0,INDECENT REPRESENTATION OF WOMEN (P) ACT,0,0,0,0,0,0,0,0,0,0,0,0
Delhi,16.753235,70.8,70.8,0,INDECENT REPRESENTATION OF WOMEN (P) ACT,0.238759857,0.059689964,0,0,0,0.119379929,0,0,0,0,0,0
Lakshadweep,0.064429,0,0,0,INDECENT REPRESENTATION OF WOMEN (P) ACT,0,0,0,0,0,0,0,0,0,15.52096106,0,0
Puducherry,1.244464,20,0,20,INDECENT REPRESENTATION OF WOMEN (P) ACT,0,0,0,0,0,0,0,0,0,0,0,0
Total UT,0,70,45.13333333,24.88333333,INDECENT REPRESENTATION OF WOMEN (P) ACT,0,0,0,0,0,0,0,0,0,0,0,0
India,1210.193422,38.5,12.4,26.1,INDECENT REPRESENTATION OF WOMEN (P) ACT,0.573462049,2.088095964,0.880850929,1.404734127,2.459111036,1.37581313,1.015540142,0.897377213,0.726330175,0.791608996,0.380930843,0.144604984
Andhra Pradesh,84.665533,29.8,7.5,22.3,COMMISSION OF SATI (P) ACT,0,0,0,0,0,0,0,0,0,0,0,0
Arunachal Pradesh,1.382611,0,0,0,COMMISSION OF SATI (P) ACT,0,0,0,0,0,0,0,0,0,0,0,0
Assam,31.169272,43.9,16.2,27.7,COMMISSION OF SATI (P) ACT,0,0,0,0,0,0,0,0,0,0,0,0
Bihar,103.804637,15.7,3.2,12.5,COMMISSION OF SATI (P) ACT,0,0,0,0,0,0,0,0,0,0,0,0
Chhattisgarh,25.540196,49.9,4.5,45.4,COMMISSION OF SATI (P) ACT,0,0,0,0,0,0,0,0.274077771,0,0,0,0
Goa,1.457723,40,20,20,COMMISSION OF SATI (P) ACT,0,0,0,0,0,0,0,0,0,0,0,0
Gujarat,60.383628,46.2,16.3,29.9,COMMISSION OF SATI (P) ACT,0,0,0,0,0,0,0,0,0,0,0,0
Haryana,25.353081,42.5,40.8,1.7,COMMISSION OF SATI (P) ACT,0,0,0,0,0,0,0,0,0,0,0,0
Himachal Pradesh,6.856509,97.4,22.6,74.8,COMMISSION OF SATI (P) ACT,0,0,0,0,0,0,0,0,0,0,0,0
Jammu and Kashmir,12.548926,65.3,5.7,59.7,COMMISSION OF SATI (P) ACT,0,0,0,0,0,0,0,0,0,0,0,0
Jharkhand,32.966238,31.2,0,31.2,COMMISSION OF SATI (P) ACT,0,0,0,0,0,0,0,0,0,0,0,0
Karnataka,61.130704,34.9,9.8,25.1,COMMISSION OF SATI (P) ACT,0,0,0,0,0,0,0,0,0,0,0,0
Kerala,33.387677,77.1,15.3,61.8,COMMISSION OF SATI (P) ACT,0,0,0,0,0,0,0,0,0,0,0,0
Madhya Pradesh,72.597565,43.9,4.2,39.7,COMMISSION OF SATI (P) ACT,0,0,0,0,0,0,0,0,0,0,0,0
Maharashtra,112.372972,58.4,22.4,36,COMMISSION OF SATI (P) ACT,0,0,0,0,0,0,0,0,0,0,0,0
Manipur,2.721756,64,40,24,COMMISSION OF SATI (P) ACT,0,0,0,0,0,0,0,0,0,0,0,0
Meghalaya,2.964007,46.5,27.1,19.4,COMMISSION OF SATI (P) ACT,0,0,0,0,0,0,0,0,0,0,0,0
Mizoram,1.091014,60,20,40,COMMISSION OF SATI (P) ACT,0,0,0,0,0,0,0,0,0,0,0,0
Nagaland,1.980602,36.2,13.8,22.4,COMMISSION OF SATI (P) ACT,0,0,0,0,0,0,0,0,0,0,0,0
Odisha,41.947358,19.6,2.1,17.5,COMMISSION OF SATI (P) ACT,0,0,0,0,0,0,0,0,0,0,0,0
Punjab,27.704236,40.9,23.3,17.7,COMMISSION OF SATI (P) ACT,0,0,0,0,0,0,0,0,0,0,0,0
Rajasthan,68.621012,28.6,5.8,22.9,COMMISSION OF SATI (P) ACT,0,0,0,0,0.262310326,0,0,0,0,0,0,0
Sikkim,0.607688,100,100,0,COMMISSION OF SATI (P) ACT,0,0,0,0,0,0,0,0,0,0,0,0
Tamil Nadu,72.138958,79,60,19,COMMISSION OF SATI (P) ACT,0,0,0,0,0,0,0,0,0,0,0,0
Tripura,3.671032,40,40,0,COMMISSION OF SATI (P) ACT,0,0,0,0,0,0,0,0,0,0,0,0
Uttar Pradesh,199.581477,16.9,3.6,13.3,COMMISSION OF SATI (P) ACT,0,0,0,0,0,0,0,0,0,0,0,0
Uttarakhand,10.116752,55.6,46.7,8.9,COMMISSION OF SATI (P) ACT,0,0,0,0,0,0,0,0,0,0,0,0
West Bengal,91.347736,28.5,1.8,26.7,COMMISSION OF SATI (P) ACT,0,0,0,0,0,0,0,0,0,0,0,0
Total(states),0,46.14285714,20.45357143,25.7,COMMISSION OF SATI (P) ACT,0,0,0,0,0,0,0,0,0,0,0,0
Andaman and Nicobar Islands,0.379944,69.2,0,69.3,COMMISSION OF SATI (P) ACT,0,0,0,0,0,0,0,0,0,0,0,0
Chandigarh,1.054686,100,100,0,COMMISSION OF SATI (P) ACT,0,0,0,0,0,0,0,0,0,0,0,0
Dadra and Nagar Haveli,0.342853,100,40,60,COMMISSION OF SATI (P) ACT,0,0,0,0,0,0,0,0,0,0,0,0
Daman and Diu,0.242911,60,60,0,COMMISSION OF SATI (P) ACT,0,0,0,0,0,0,0,0,0,0,0,0
Delhi,16.753235,70.8,70.8,0,COMMISSION OF SATI (P) ACT,0,0,0,0,0,0,0,0,0,0,0,0
Lakshadweep,0.064429,0,0,0,COMMISSION OF SATI (P) ACT,0,0,0,0,0,0,0,0,0,0,0,0
Puducherry,1.244464,20,0,20,COMMISSION OF SATI (P) ACT,0,0,0,0,0,0,0,0,0,0,0,0
Total UT,0,70,45.13333333,24.88333333,COMMISSION OF SATI (P) ACT,0,0,0,0,0,0,0,0,0,0,0,0
India,1210.193422,38.5,12.4,26.1,COMMISSION OF SATI (P) ACT,0,0,0,0,0.014873655,0,0,0.005784199,0,0,0,0
Andhra Pradesh,84.665533,29.8,7.5,22.3,TOTAL CRIMES AGAINST WOMEN,262.4208366,314.496337,343.7172007,342.240803,367.7529556,362.1308331,414.820515,423.206454,430.6947433,455.5572809,446.0610908,464.0377094
Arunachal Pradesh,1.382611,0,0,0,TOTAL CRIMES AGAINST WOMEN,157.6726932,149.7167316,115.7230776,117.169616,93.30173129,101.9809621,146.8236547,130.1884623,131.6350007,142.4840393,143.9305777,146.1003854
Assam,31.169272,43.9,16.2,27.7,TOTAL CRIMES AGAINST WOMEN,176.359589,217.0085974,242.2578237,260.4167335,281.0460251,270.7153378,282.2330916,273.6990456,378.8988078,416.9491029,360.6436493,396.0952312
Bihar,103.804637,15.7,3.2,12.5,TOTAL CRIMES AGAINST WOMEN,125.5627916,125.3219545,109.0799056,118.8193549,108.087657,113.2608363,144.0687086,137.0170005,139.2712351,126.5261397,174.9151148,194.085742
Chhattisgarh,25.540196,49.9,4.5,45.4,TOTAL CRIMES AGAINST WOMEN,207.9858745,199.9593112,190.640667,236.9206564,214.9944347,225.4485439,229.2464788,235.9418072,248.118691,257.5156432,251.4859322,258.1812606
Goa,1.457723,40,20,20,TOTAL CRIMES AGAINST WOMEN,127.596258,92.61018726,131.0262649,155.7223149,157.0943176,109.0742205,99.47020113,120.7362441,161.210326,146.8042968,109.0742205,196.1963967
Gujarat,60.383628,46.2,16.3,29.9,TOTAL CRIMES AGAINST WOMEN,222.9743466,208.0530835,232.8445717,257.5035737,273.4184836,301.207473,358.7893063,367.5499591,350.59172,338.8170052,368.0302217,396.8791011
Haryana,25.353081,42.5,40.8,1.7,TOTAL CRIMES AGAINST WOMEN,230.5439722,277.3232965,257.325727,260.7178197,247.5044355,270.4602253,278.901014,292.7060423,289.9055937,297.3997519,264.1099123,286.5135011
Himachal Pradesh,6.856509,97.4,22.6,74.8,TOTAL CRIMES AGAINST WOMEN,200.1018302,181.5792847,157.9521007,175.4537185,184.7879147,167.8696841,215.269899,217.8951417,208.2692519,215.9991331,184.9337615,193.2470299
Jammu and Kashmir,12.548926,65.3,5.7,59.7,TOTAL CRIMES AGAINST WOMEN,193.1639409,220.257893,285.283378,266.5566758,252.0534427,310.4648159,351.5041845,257.6316093,326.3227467,284.406809,406.2499054,414.6968434
Jharkhand,32.966238,31.2,0,31.2,TOTAL CRIMES AGAINST WOMEN,113.752743,114.207754,119.2432088,119.2432088,104.1065104,124.8853448,137.3526455,149.6076076,130.7094853,156.8877832,147.8178978,198.6577904
Karnataka,61.130704,34.9,9.8,25.1,TOTAL CRIMES AGAINST WOMEN,160.623048,164.3527613,169.7346721,149.7447175,173.2353679,180.5148522,184.8825428,209.0602457,228.0523385,248.3040274,263.1083719,272.8579733
Kerala,33.387677,77.1,15.3,61.8,TOTAL CRIMES AGAINST WOMEN,241.8856514,268.6020953,261.3539121,294.9890764,319.549036,341.6230485,335.7526191,340.0356365,333.4164279,396.9428601,418.2381422,404.849969
Madhya Pradesh,72.597565,43.9,4.2,39.7,TOTAL CRIMES AGAINST WOMEN,307.2830335,349.7086989,331.8155368,372.2852137,334.0883403,327.1872824,358.000988,360.3839881,389.2968035,383.1257977,383.1808959,402.8647517
Maharashtra,112.372972,58.4,22.4,36,TOTAL CRIMES AGAINST WOMEN,272.3074727,267.9113978,261.0592163,270.8124512,303.9520927,322.1148231,320.71769,341.630192,365.7018166,359.3123798,352.7805601,365.2835666
Manipur,2.721756,64,40,24,TOTAL CRIMES AGAINST WOMEN,37.47580606,59.152988,55.1114795,48.49810196,46.66105264,38.21062579,48.86551182,54.00924991,67.23600499,51.80479073,62.45967677,74.21679239
Meghalaya,2.964007,46.5,27.1,19.4,TOTAL CRIMES AGAINST WOMEN,18.21858046,26.99048956,27.6652518,32.38858748,35.76239867,53.30621689,43.85954554,54.31836025,60.05383928,76.92289526,87.04432884,91.4302834
Mizoram,1.091014,60,20,40,TOTAL CRIMES AGAINST WOMEN,126.4878361,142.069671,158.5680844,72.40970327,77.9091744,126.4878361,139.3199354,162.2343985,151.2354562,177.8162333,136.5701998,197.0643823
Nagaland,1.980602,36.2,13.8,22.4,TOTAL CRIMES AGAINST WOMEN,19.18608585,24.7399528,15.14690988,18.17629185,18.68118885,32.31340774,29.28402577,34.33299573,36.35258371,33.32320173,24.7399528,37.8672747
Odisha,41.947358,19.6,2.1,17.5,TOTAL CRIMES AGAINST WOMEN,177.7227543,176.7214994,186.0665456,187.9498585,227.0464805,248.1205133,248.5019438,260.087894,270.481874,384.1004718,336.6600585,409.6324732
Punjab,27.704236,40.9,23.3,17.7,TOTAL CRIMES AGAINST WOMEN,168.3497065,170.5154403,151.3126007,131.460041,119.2236451,140.1229761,151.9984164,152.7925188,147.9918089,167.6999864,160.1199181,182.2104028
Rajasthan,68.621012,28.6,5.8,22.9,TOTAL CRIMES AGAINST WOMEN,201.5563396,193.745321,184.9579251,213.3457315,187.0855533,211.9758887,212.0050343,205.4327033,225.2225601,223.4738246,244.2983499,249.1219453
Sikkim,0.607688,100,100,0,TOTAL CRIMES AGAINST WOMEN,39.49395084,39.49395084,59.24092626,113.5451087,69.11441398,64.17767012,103.671621,90.50697068,125.0641777,111.8995274,97.08929582,113.5451087
Tamil Nadu,72.138958,79,60,19,TOTAL CRIMES AGAINST WOMEN,195.6779026,176.8253986,162.4780885,176.7422257,170.1577115,131.4546295,160.8146322,157.2659256,130.9971791,133.755744,134.8369906,151.2774831
Tripura,3.671032,40,40,0,TOTAL CRIMES AGAINST WOMEN,160.7177491,152.0008543,239.1698029,267.7721142,356.3030777,346.496571,301.5500818,483.2428592,742.8428845,579.4011057,728.9503333,530.0961691
Uttar Pradesh,199.581477,16.9,3.6,13.3,TOTAL CRIMES AGAINST WOMEN,211.8583379,178.0826584,117.4106954,165.2407853,163.9430697,173.9640398,241.9613319,289.9768098,317.324037,292.261591,361.5215254,389.5401576
Uttarakhand,10.116752,55.6,46.7,8.9,TOTAL CRIMES AGAINST WOMEN,141.9427895,172.980419,180.5915574,262.9302369,162.8981317,215.0887953,267.9713805,167.0496618,204.0180485,172.980419,132.8489618,140.3612543
West Bengal,91.347736,28.5,1.8,26.7,TOTAL CRIMES AGAINST WOMEN,121.6669453,155.012052,175.0672836,181.8654816,210.481407,245.194911,242.7536901,266.3229661,226.2891332,290.6366503,288.1297463,372.4558647
Total(states),0,46.14285714,20.45357143,25.7,TOTAL CRIMES AGAINST WOMEN,0,0,0,0,0,0,0,0,0,0,0,0
Andaman and Nicobar Islands,0.379944,69.2,0,69.3,TOTAL CRIMES AGAINST WOMEN,89.48687175,78.95900448,94.75080538,115.8065399,84.22293812,128.966374,210.5573453,223.7171794,331.6278188,344.7876529,226.3491462,192.1335776
Chandigarh,1.054686,100,100,0,TOTAL CRIMES AGAINST WOMEN,164.9780124,185.8373013,195.3187963,313.8374834,290.133746,333.7486228,274.963354,204.8002913,149.8076205,130.8446305,121.3631356,254.1040651
Dadra and Nagar Haveli,0.342853,100,40,60,TOTAL CRIMES AGAINST WOMEN,70.00084584,55.41733629,70.00084584,93.33446112,102.0845669,72.91754775,61.25074011,186.6689222,58.3340382,134.1682879,40.83382674,87.5010573
Daman and Diu,0.242911,60,60,0,TOTAL CRIMES AGAINST WOMEN,172.9028327,57.63427757,41.16734112,61.75101169,69.98447991,115.2685551,234.6538444,209.9534397,156.4358963,209.9534397,226.4203762,185.2530351
Delhi,16.753235,70.8,70.8,0,TOTAL CRIMES AGAINST WOMEN,186.4714486,183.8450902,285.8552393,310.1490548,349.3653614,370.4956088,337.1289187,185.934239,164.3264719,181.4574916,207.4226261,237.6257481
Lakshadweep,0.064429,0,0,0,TOTAL CRIMES AGAINST WOMEN,0,46.56288317,46.56288317,15.52096106,0,15.52096106,31.04192212,31.04192212,31.04192212,15.52096106,0,15.52096106
Puducherry,1.244464,20,0,20,TOTAL CRIMES AGAINST WOMEN,179.1936127,197.6754651,177.5864951,139.0156726,153.479731,208.9252883,270.799316,153.479731,122.1409378,164.7295542,164.7295542,88.39146813
Total UT,0,70,45.13333333,24.88333333,TOTAL CRIMES AGAINST WOMEN,0,0,0,0,0,0,0,0,0,0,0,0
India,1210.193422,38.5,12.4,26.1,TOTAL CRIMES AGAINST WOMEN,201.2810478,204.9102197,197.6543548,215.9340774,220.5887052,231.2217162,256.8250615,267.3209043,277.092896,285.3585168,300.6147558,325.8776596
